-- MySQL dump 10.13  Distrib 5.7.9, for Win64 (x86_64)
--
-- Host: localhost    Database: AppTester
-- ------------------------------------------------------
-- Server version	5.5.47-0ubuntu0.14.04.1

/*!40101 SET @OLD_CHARACTER_SET_CLIENT=@@CHARACTER_SET_CLIENT */;
/*!40101 SET @OLD_CHARACTER_SET_RESULTS=@@CHARACTER_SET_RESULTS */;
/*!40101 SET @OLD_COLLATION_CONNECTION=@@COLLATION_CONNECTION */;
/*!40101 SET NAMES utf8 */;
/*!40103 SET @OLD_TIME_ZONE=@@TIME_ZONE */;
/*!40103 SET TIME_ZONE='+00:00' */;
/*!40014 SET @OLD_UNIQUE_CHECKS=@@UNIQUE_CHECKS, UNIQUE_CHECKS=0 */;
/*!40014 SET @OLD_FOREIGN_KEY_CHECKS=@@FOREIGN_KEY_CHECKS, FOREIGN_KEY_CHECKS=0 */;
/*!40101 SET @OLD_SQL_MODE=@@SQL_MODE, SQL_MODE='NO_AUTO_VALUE_ON_ZERO' */;
/*!40111 SET @OLD_SQL_NOTES=@@SQL_NOTES, SQL_NOTES=0 */;

--
-- Table structure for table `Category`
--

DROP TABLE IF EXISTS `Category`;
/*!40101 SET @saved_cs_client     = @@character_set_client */;
/*!40101 SET character_set_client = utf8 */;
CREATE TABLE `Category` (
  `idCategory` int(11) NOT NULL AUTO_INCREMENT,
  `cTitle` varchar(100) DEFAULT NULL,
  `cDateInserted` datetime DEFAULT NULL,
  `cDateUpdated` datetime DEFAULT NULL,
  `cIdTestSheetTemplate` int(11) DEFAULT NULL,
  `cIdTestSheet` int(11) DEFAULT NULL,
  PRIMARY KEY (`idCategory`),
  KEY `FK_cdIdTestSheetTemplate_idx` (`cIdTestSheetTemplate`),
  CONSTRAINT `FK_cdIdTestSheetTemplate_TestSHeetTemplate` FOREIGN KEY (`cIdTestSheetTemplate`) REFERENCES `TestSheetTemplate` (`idTestSheetTemplate`) ON DELETE NO ACTION ON UPDATE NO ACTION
) ENGINE=InnoDB AUTO_INCREMENT=21 DEFAULT CHARSET=latin1;
/*!40101 SET character_set_client = @saved_cs_client */;

--
-- Dumping data for table `Category`
--

LOCK TABLES `Category` WRITE;
/*!40000 ALTER TABLE `Category` DISABLE KEYS */;
INSERT INTO `Category` VALUES (1,'General','2016-05-14 18:00:43',NULL,1,NULL),(2,'User Interface','2016-05-14 18:00:43',NULL,1,NULL),(3,'Accessible - Considerations','2016-05-14 18:00:43',NULL,1,NULL),(4,'Social Media','2016-05-14 18:00:43',NULL,1,NULL),(5,'Finance','2016-05-14 18:00:43',NULL,1,NULL),(6,'Installation and Interuptions','2016-05-14 18:00:43',NULL,1,NULL),(7,'Clean Installation Test','2016-05-14 18:00:43',NULL,1,NULL),(8,'Performance','2016-05-14 18:00:43',NULL,1,NULL),(9,'Storage','2016-05-14 18:00:43',NULL,1,NULL),(10,'Network','2016-05-14 18:00:43',NULL,1,NULL),(13,'Review/Feedback','2016-05-14 18:00:43',NULL,1,NULL),(14,'Security','2016-05-14 18:00:43',NULL,1,NULL),(17,'hello','2016-09-03 14:05:03',NULL,255,57),(18,'New one','2016-09-03 15:37:01',NULL,255,58),(20,'Measurements1','2016-09-03 16:56:40',NULL,255,58);
/*!40000 ALTER TABLE `Category` ENABLE KEYS */;
UNLOCK TABLES;

--
-- Table structure for table `Collaboration`
--

DROP TABLE IF EXISTS `Collaboration`;
/*!40101 SET @saved_cs_client     = @@character_set_client */;
/*!40101 SET character_set_client = utf8 */;
CREATE TABLE `Collaboration` (
  `idCollaboration` int(11) NOT NULL AUTO_INCREMENT,
  `cDateInserted` datetime DEFAULT NULL,
  `cDateUpdated` datetime DEFAULT NULL,
  `cActive` tinyint(4) DEFAULT NULL,
  `cIdProject` int(11) DEFAULT NULL,
  PRIMARY KEY (`idCollaboration`),
  KEY `FK_cIdProject_Project_idProject_idx` (`cIdProject`),
  CONSTRAINT `FK_cIdProject_Project_idProject` FOREIGN KEY (`cIdProject`) REFERENCES `Project` (`idProject`) ON DELETE NO ACTION ON UPDATE NO ACTION
) ENGINE=InnoDB AUTO_INCREMENT=2 DEFAULT CHARSET=latin1;
/*!40101 SET character_set_client = @saved_cs_client */;

--
-- Dumping data for table `Collaboration`
--

LOCK TABLES `Collaboration` WRITE;
/*!40000 ALTER TABLE `Collaboration` DISABLE KEYS */;
INSERT INTO `Collaboration` VALUES (1,'2016-12-12 00:00:00',NULL,1,13);
/*!40000 ALTER TABLE `Collaboration` ENABLE KEYS */;
UNLOCK TABLES;

--
-- Table structure for table `Project`
--

DROP TABLE IF EXISTS `Project`;
/*!40101 SET @saved_cs_client     = @@character_set_client */;
/*!40101 SET character_set_client = utf8 */;
CREATE TABLE `Project` (
  `idProject` int(10) NOT NULL AUTO_INCREMENT,
  `pName` varchar(100) DEFAULT NULL,
  `pCompany` int(11) DEFAULT NULL,
  `pDeadline` datetime DEFAULT NULL,
  `pDescription` varchar(100) DEFAULT NULL,
  `pUserManager` int(11) DEFAULT NULL,
  `pDateInserted` datetime DEFAULT NULL,
  `pDateUpdated` datetime DEFAULT NULL,
  `pCollaboration` int(11) DEFAULT NULL,
  `pStatus` tinyint(4) DEFAULT NULL,
  PRIMARY KEY (`idProject`),
  KEY `Idx_pCollaboration` (`pCollaboration`),
  KEY `FK_pUserManager_User_idUser_idx` (`pUserManager`),
  CONSTRAINT `FK_pUserManager_User_idUser` FOREIGN KEY (`pUserManager`) REFERENCES `user` (`idUser`) ON DELETE NO ACTION ON UPDATE NO ACTION
) ENGINE=InnoDB AUTO_INCREMENT=14 DEFAULT CHARSET=latin1;
/*!40101 SET character_set_client = @saved_cs_client */;

--
-- Dumping data for table `Project`
--

LOCK TABLES `Project` WRITE;
/*!40000 ALTER TABLE `Project` DISABLE KEYS */;
INSERT INTO `Project` VALUES (12,'New Project',NULL,'2016-05-14 00:00:00','New Project Test',1,'2016-05-14 21:38:50',NULL,NULL,0),(13,'Hello',NULL,'2016-05-21 17:00:00','Hello',1,'2016-05-14 21:43:32',NULL,NULL,0);
/*!40000 ALTER TABLE `Project` ENABLE KEYS */;
UNLOCK TABLES;

--
-- Table structure for table `Question`
--

DROP TABLE IF EXISTS `Question`;
/*!40101 SET @saved_cs_client     = @@character_set_client */;
/*!40101 SET character_set_client = utf8 */;
CREATE TABLE `Question` (
  `idQuestion` int(11) NOT NULL AUTO_INCREMENT,
  `qTitle` varchar(300) DEFAULT NULL,
  `qDateInserted` datetime DEFAULT NULL,
  `qDateUpdated` datetime DEFAULT NULL,
  `qIdCategory` int(11) DEFAULT NULL,
  `qIsCustom` int(11) DEFAULT '0',
  PRIMARY KEY (`idQuestion`),
  KEY `FK_qIdCategory_Category_idCategory_idx` (`qIdCategory`),
  CONSTRAINT `FK_qIdCategory_Category_idCategory` FOREIGN KEY (`qIdCategory`) REFERENCES `Category` (`idCategory`) ON DELETE NO ACTION ON UPDATE NO ACTION
) ENGINE=InnoDB AUTO_INCREMENT=328 DEFAULT CHARSET=latin1;
/*!40101 SET character_set_client = @saved_cs_client */;

--
-- Dumping data for table `Question`
--

LOCK TABLES `Question` WRITE;
/*!40000 ALTER TABLE `Question` DISABLE KEYS */;
INSERT INTO `Question` VALUES (129,'Is the App name Appropriate','2016-05-14 21:35:32',NULL,3,0),(130,'Is the content relevant and informative of the App\'s function?','2016-05-14 21:35:32',NULL,3,0),(131,'Are there suitable graphics, an appropriate colour scheme, and legible fonts?','2016-05-14 21:35:32',NULL,3,0),(132,'Verify that the App does not crash upon start up','2016-05-14 21:35:32',NULL,3,0),(133,'Verify that the App can work both offline and when connected to a network','2016-05-14 21:35:32',NULL,3,0),(134,'Check data types are correct and appropriate for the information displayed','2016-05-14 21:35:32',NULL,3,0),(135,'Ensure the App has appropriate content and set for an appropriate age rating.','2016-05-14 21:35:32',NULL,3,0),(136,'Check there are no restrictions by device type - that for example the App installs on a full range of OSs','2016-05-14 21:35:32',NULL,3,0),(137,'Ensure no spam or viruses are present','2016-05-14 21:35:32',NULL,3,0),(138,'Request the user location before applying information to the App','2016-05-14 21:35:32',NULL,3,0),(139,'Request user permission before turning on a mobile service','2016-05-14 21:35:32',NULL,3,0),(140,'Ensure an appropriate description and graphics have been provided for the App Store','2016-05-14 21:35:32',NULL,3,0),(141,'Does the App have a sleep mode when running in the background?','2016-05-14 21:35:32',NULL,3,0),(142,'Can the App deal with the full extent of Time Zones and running in different countries?','2016-05-14 21:35:32',NULL,3,0),(143,'Has the App been tested for language issues and working with different character sets?','2016-05-14 21:35:32',NULL,3,0),(144,'Verify that pressing keys with no defined function does not lead to any unexpected or undesirable outcomes.','2016-05-14 21:35:32',NULL,3,0),(145,'Check that turning off the sound does not significantly interfere with the operation of the App','2016-05-14 21:35:32',NULL,3,0),(160,'In general, are the app controls clear and easy to use?','2016-05-14 21:35:32',NULL,3,0),(161,'Can users return easily to the previous screen and navigate their way round the App?','2016-05-14 21:35:32',NULL,3,0),(162,'The function of the app (What it Does) should be very obvious.','2016-05-14 21:35:32',NULL,3,0),(163,'Is a consistent design and colour scheme used throughout the App?','2016-05-14 21:35:32',NULL,3,0),(164,'Does the App use appropriate data selection tools?','2016-05-14 21:35:32',NULL,3,0),(165,'Is there a true back button, menu button and home button?','2016-05-14 21:35:32',NULL,3,0),(166,'Provide search options where the data is large using appropriate fields and selection tools.','2016-05-14 21:35:32',NULL,3,0),(167,'Keep consistent actions for buttons and use the appropriate action for a symbol.  For example, the Refresh symbol.','2016-05-14 21:35:32',NULL,3,0),(168,'The app responds effectively to device orientation changes.','2016-05-14 21:35:32',NULL,3,0),(169,'Elements must be crisp and clear for displaying in a variety of devices operating in different screen resolutions.','2016-05-14 21:35:32',NULL,3,0),(170,'Ensure UI gestures are not redefined such as pinch, swipe and double tap','2016-05-14 21:35:32',NULL,3,0),(171,'Is the user prompted for input?','2016-05-14 21:35:32',NULL,3,0),(172,'Are users given clear warning when there is a risk of deleting any information?','2016-05-14 21:35:32',NULL,3,0),(173,'Are associated keyboards chosen for user input?  For example, phone pad, keyboard, email on Apple OS','2016-05-14 21:35:32',NULL,3,0),(174,'Are active buttons clearly distinguished from hidden buttons?','2016-05-14 21:35:32',NULL,3,0),(175,'Is the design of the app consistent with the desktop version?','2016-05-14 21:35:32',NULL,3,0),(176,'User input methods are selected as appropriate.','2016-05-14 21:35:32',NULL,3,0),(191,'Audio information provided upon start-up?','2016-05-14 21:35:32',NULL,3,0),(192,'Suitable colour choices - remembering some users may have colour vision impairment','2016-05-14 21:35:32',NULL,3,0),(193,'Touchscreen is highly responsive','2016-05-14 21:35:32',NULL,3,0),(194,'Size of on-screen buttons are large enough to be pressed with ease','2016-05-14 21:35:32',NULL,3,0),(195,'Voice activation consideration','2016-05-14 21:35:32',NULL,3,0),(196,'Vibrate alert when sound is turned off','2016-05-14 21:35:32',NULL,3,0),(197,'Ability to invert colours','2016-05-14 21:35:32',NULL,3,0),(198,'App can connect to social media in appropriate places','2016-05-14 21:35:32',NULL,4,0),(199,'User can register with the App using social media','2016-05-14 21:35:32',NULL,4,0),(200,'Users can login via the app','2016-05-14 21:35:32',NULL,4,0),(201,'Users can login via third-party such as Facebook or Google','2016-05-14 21:35:32',NULL,4,0),(202,'Users able to discover the updates of other users','2016-05-14 21:35:32',NULL,4,0),(203,'Users can share media content','2016-05-14 21:35:32',NULL,4,0),(204,'Users can turn off notifications','2016-05-14 21:35:32',NULL,4,0),(205,'Can the app deal with a Paywall?','2016-05-14 21:35:32',NULL,5,0),(206,'Purchases and advertising do not cause the App to crash','2016-05-14 21:35:32',NULL,5,0),(207,'Adverts are not too obstructive or impair the functioning of the app','2016-05-14 21:35:32',NULL,5,0),(208,'Check the app works appropriately after performing an upgade','2016-05-14 21:35:32',NULL,5,0),(212,'Can the app be successfully installed on its target operating systems?  From the minimum supported OS to the latest version of OS?','2016-05-14 21:35:32',NULL,6,0),(213,'A clean reinstall and login successfully restores the user\'s data (or allows the to function properly)','2016-05-14 21:35:32',NULL,6,0),(214,'Can the app function effectively if dealing with interruptions such as:','2016-05-14 21:35:32',NULL,6,0),(215,'an incoming phone call','2016-05-14 21:35:32',NULL,6,0),(216,'Incoming SMS','2016-05-14 21:35:32',NULL,6,0),(217,'The application of a mains charger','2016-05-14 21:35:32',NULL,6,0),(218,'The disconnection of a mains charger','2016-05-14 21:35:32',NULL,6,0),(219,'Resumption from sleeping mode','2016-05-14 21:35:32',NULL,6,0),(220,'Resumption from lock screen','2016-05-14 21:35:32',NULL,6,0),(221,'Device being tilted or oriented in a variety of ways','2016-05-14 21:35:32',NULL,6,0),(222,'Phone receiving a push notification','2016-05-14 21:35:32',NULL,6,0),(223,'Dealing with GPS - loss of signal for example','2016-05-14 21:35:32',NULL,6,0),(224,'Bluetooth','2016-05-14 21:35:32',NULL,6,0),(225,'Low battery','2016-05-14 21:35:32',NULL,6,0),(226,'Switch off phone','2016-05-14 21:35:32',NULL,6,0),(227,'Download the app from the store','2016-05-14 21:35:32',NULL,7,0),(228,'Perform a clean install of the app','2016-05-14 21:35:32',NULL,7,0),(229,'Download and install an update','2016-05-14 21:35:32',NULL,7,0),(230,'Uninstall/reinstall should not lead to unexpected behaviour','2016-05-14 21:35:32',NULL,7,0),(231,'Consider an OS Upgrade/Downgrade and perform the above steps again','2016-05-14 21:35:32',NULL,7,0),(232,'Register a new user','2016-05-14 21:35:32',NULL,7,0),(233,'Perform core App operations','2016-05-14 21:35:32',NULL,7,0),(234,'Can the App cope with switching between other Apps through multitasking?','2016-05-14 21:35:32',NULL,8,0),(235,'How does the App function if there is a lack of free memory available?','2016-05-14 21:35:32',NULL,8,0),(236,'How will the App function if there is a lack of disk space on the device?','2016-05-14 21:35:32',NULL,8,0),(237,'Can the App function if GPS or any other phone device essential to running the App is turned off or not available?','2016-05-14 21:35:32',NULL,8,0),(238,'Has the App been tested on a physical device and not just an emulator?','2016-05-14 21:35:32',NULL,8,0),(239,'Perform a stability check - put the app under stress.  Eg swipe through a picture menu quickly.','2016-05-14 21:35:32',NULL,8,0),(240,'Is downloading of the App prevented on cellular networks if the app is very large in file size?','2016-05-14 21:35:32',NULL,8,0),(241,'Ensure the app does not interfere with other apps running if set to the background.','2016-05-14 21:35:32',NULL,8,0),(242,'Can the App work with a touchscreen protector where response may not be so immediate?','2016-05-14 21:35:32',NULL,8,0),(243,'What happens if two different interface elements are triggered simultaneously?','2016-05-14 21:35:32',NULL,8,0),(244,'Is caching implemented where appropriate?','2016-05-14 21:35:32',NULL,8,0),(245,'Does the App perform clearing of caching data and suitable garbage collection?','2016-05-14 21:35:32',NULL,8,0),(246,'Audio does not pay when the App is in the background or if the phone is set to standby','2016-05-14 21:35:32',NULL,8,0),(247,'Storage on the smartphone should be sandboxed to the App.','2016-05-14 21:35:32',NULL,8,0),(248,'File permissions should be hidden and set to the minimum necessary to run the app','2016-05-14 21:35:32',NULL,8,0),(249,'How does the app perform when data is saved:','2016-05-14 21:35:32',NULL,9,0),(250,'on an SD card','2016-05-14 21:35:32',NULL,9,0),(251,'in the Cloud','2016-05-14 21:35:32',NULL,9,0),(252,'directly on a smartphone','2016-05-14 21:35:32',NULL,9,0),(256,'Confirm the App works if connected to the Internet through the following network types: Wi-Fi, 2G, 3G, 4G','2016-05-14 21:35:32',NULL,10,0),(257,'Confirm the App works when','2016-05-14 21:35:32',NULL,10,0),(258,'Phone Stationary','2016-05-14 21:35:32',NULL,10,0),(259,'Phone Moving','2016-05-14 21:35:32',NULL,10,0),(260,'Phone/device settings set to not receive data','2016-05-14 21:35:32',NULL,10,0),(261,'Phone set to airplane mode','2016-05-14 21:35:32',NULL,10,0),(262,'Resumes working if it reconnects to a network','2016-05-14 21:35:32',NULL,10,0),(263,'Updates transactions to server if connection re-established','2016-05-14 21:35:32',NULL,10,0),(264,'Switching through networks - eg Wi-Fi to 3G','2016-05-14 21:35:32',NULL,10,0),(265,'Uses standard network ports to connect to remote services','2016-05-14 21:35:32',NULL,10,0),(266,'Can handle a connection through a proxy','2016-05-14 21:35:32',NULL,10,0),(267,'Low connectivity','2016-05-14 21:35:32',NULL,10,0),(268,'Connected to internet but router down','2016-05-14 21:35:32',NULL,10,0),(269,'Loss of GPS or Bluetooth','2016-05-14 21:35:32',NULL,10,0),(271,'In general, are the app controls clear and easy to use?','2016-05-14 21:42:28',NULL,2,0),(272,'Can users return easily to the previous screen and navigate their way round the App?','2016-05-14 21:42:28',NULL,2,0),(273,'The function of the app (What it Does) should be very obvious.','2016-05-14 21:42:28',NULL,2,0),(274,'Is a consistent design and colour scheme used throughout the App?','2016-05-14 21:42:28',NULL,2,0),(275,'Does the App use appropriate data selection tools?','2016-05-14 21:42:28',NULL,2,0),(276,'Is there a true back button, menu button and home button?','2016-05-14 21:42:28',NULL,2,0),(277,'Provide search options where the data is large using appropriate fields and selection tools.','2016-05-14 21:42:28',NULL,2,0),(278,'Keep consistent actions for buttons and use the appropriate action for a symbol.  For example, the Refresh symbol.','2016-05-14 21:42:28',NULL,2,0),(279,'The app responds effectively to device orientation changes.','2016-05-14 21:42:28',NULL,2,0),(280,'Elements must be crisp and clear for displaying in a variety of devices operating in different screen resolutions.','2016-05-14 21:42:28',NULL,2,0),(281,'Ensure UI gestures are not redefined such as pinch, swipe and double tap','2016-05-14 21:42:28',NULL,2,0),(282,'Is the user prompted for input?','2016-05-14 21:42:28',NULL,2,0),(283,'Are users given clear warning when there is a risk of deleting any information?','2016-05-14 21:42:28',NULL,2,0),(284,'Are associated keyboards chosen for user input?  For example, phone pad, keyboard, email on Apple OS','2016-05-14 21:42:28',NULL,2,0),(285,'Are active buttons clearly distinguished from hidden buttons?','2016-05-14 21:42:28',NULL,2,0),(286,'Is the design of the app consistent with the desktop version?','2016-05-14 21:42:28',NULL,2,0),(287,'User input methods are selected as appropriate.','2016-05-14 21:42:28',NULL,2,0),(302,'Is the App name Appropriate','2016-05-14 21:42:28',NULL,1,0),(303,'Is the content relevant and informative of the App\'s function?','2016-05-14 21:42:28',NULL,1,0),(304,'Are there suitable graphics, an appropriate colour scheme, and legible fonts?','2016-05-14 21:42:28',NULL,1,0),(305,'Verify that the App does not crash upon start up','2016-05-14 21:42:28',NULL,1,0),(306,'Verify that the App can work both offline and when connected to a network','2016-05-14 21:42:28',NULL,1,0),(307,'Check data types are correct and appropriate for the information displayed','2016-05-14 21:42:28',NULL,1,0),(308,'Ensure the App has appropriate content and set for an appropriate age rating.','2016-05-14 21:42:28',NULL,1,0),(309,'Check there are no restrictions by device type - that for example the App installs on a full range of OSs','2016-05-14 21:42:28',NULL,1,0),(310,'Ensure no spam or viruses are present','2016-05-14 21:42:28',NULL,1,0),(311,'Request the user location before applying information to the App','2016-05-14 21:42:28',NULL,1,0),(312,'Request user permission before turning on a mobile service','2016-05-14 21:42:28',NULL,1,0),(313,'Ensure an appropriate description and graphics have been provided for the App Store','2016-05-14 21:42:28',NULL,1,0),(314,'Does the App have a sleep mode when running in the background?','2016-05-14 21:42:28',NULL,1,0),(315,'Can the App deal with the full extent of Time Zones and running in different countries?','2016-05-14 21:42:28',NULL,1,0),(316,'Has the App been tested for language issues and working with different character sets?','2016-05-14 21:42:28',NULL,1,0),(317,'Verify that pressing keys with no defined function does not lead to any unexpected or undesirable outcomes.','2016-05-14 21:42:28',NULL,1,0),(318,'Check that turning off the sound does not significantly interfere with the operation of the App','2016-05-14 21:42:28',NULL,1,0),(319,'How are you getting on?','2016-09-04 12:43:03',NULL,NULL,1),(320,'How are you getting on?','2016-09-04 12:44:55',NULL,NULL,1),(323,'How are you getting on?','2016-09-04 12:49:26',NULL,18,1),(325,'Tested with tsq records','2016-09-04 14:14:34',NULL,18,1),(327,'New Question','2016-09-04 16:13:56',NULL,18,1);
/*!40000 ALTER TABLE `Question` ENABLE KEYS */;
UNLOCK TABLES;

--
-- Table structure for table `Response`
--

DROP TABLE IF EXISTS `Response`;
/*!40101 SET @saved_cs_client     = @@character_set_client */;
/*!40101 SET character_set_client = utf8 */;
CREATE TABLE `Response` (
  `idResponse` int(11) NOT NULL AUTO_INCREMENT,
  `rContent` varchar(200) DEFAULT NULL,
  `rIdUser` int(11) DEFAULT NULL,
  `rIdTestSheetQuestion` int(11) DEFAULT NULL,
  `rOrder` int(11) DEFAULT NULL,
  `rDateInserted` datetime DEFAULT NULL,
  `rDateUpdated` datetime DEFAULT NULL,
  PRIMARY KEY (`idResponse`),
  KEY `FK_rIdUser_user_idUser_idx` (`rIdUser`),
  KEY `FK_rIdTestSheetQuestion_TestSheetQuestion_idTestSheetQuesti_idx` (`rIdTestSheetQuestion`),
  CONSTRAINT `FK_rIdTestSheetQuestion_TestSheetQuestion_idTestSheetQuestion` FOREIGN KEY (`rIdTestSheetQuestion`) REFERENCES `TestSheetQuestion` (`idTestSheetQuestion`) ON DELETE NO ACTION ON UPDATE NO ACTION,
  CONSTRAINT `FK_rIdUser_user_idUser` FOREIGN KEY (`rIdUser`) REFERENCES `user` (`idUser`) ON DELETE NO ACTION ON UPDATE NO ACTION
) ENGINE=InnoDB AUTO_INCREMENT=83 DEFAULT CHARSET=latin1;
/*!40101 SET character_set_client = @saved_cs_client */;

--
-- Dumping data for table `Response`
--

LOCK TABLES `Response` WRITE;
/*!40000 ALTER TABLE `Response` DISABLE KEYS */;
INSERT INTO `Response` VALUES (3,'Test',1,302,1,'2016-06-19 09:39:39',NULL),(4,'test',1,302,2,'2016-06-19 09:44:48',NULL),(5,'test',1,302,3,'2016-06-19 09:45:01',NULL),(6,'Yes',1,302,4,'2016-06-19 09:56:22',NULL),(13,'Test',1,5413,1,'2016-06-19 22:53:29',NULL),(14,'Hello',1,5413,2,'2016-06-19 22:53:43',NULL),(15,'Hello',1,5430,1,'2016-06-19 22:53:52',NULL),(17,'Hello123. Updated the appadk asndj asiodh asuidh iuashdui sahdui hduisahduiash duiau awesdsad asdsad iashdsaiudh uasihdusiaohdasoiuhd usiaohdsoiuad asiodh!',1,286,4,'2016-06-21 22:55:29',NULL),(22,'Hello',1,286,7,'2016-06-21 23:10:55',NULL),(23,'Test',1,286,8,'2016-06-21 23:13:17',NULL),(25,'Howdy',1,5414,1,'2016-06-21 23:35:47',NULL),(30,'new',1,5414,5,'2016-06-21 23:40:03',NULL),(32,'hi1',1,5414,7,'2016-06-21 23:42:31',NULL),(33,'Test - 1001',2,286,10,'2016-06-25 22:33:25',NULL),(36,'test1',1,286,13,'2016-06-25 22:35:45',NULL),(37,'new comment',1,286,14,'2016-06-25 22:42:21',NULL),(38,'1',1,286,15,'2016-06-25 22:43:06',NULL),(39,'howdy',1,286,16,'2016-06-25 22:44:11',NULL),(40,'test',1,286,17,'2016-06-25 22:44:18',NULL),(41,'test',2,286,18,'2016-06-25 22:44:50',NULL),(42,'hi',2,286,19,'2016-06-25 22:49:23',NULL),(43,'hello',1,286,20,'2016-06-25 22:49:29',NULL),(44,'test',1,286,21,'2016-06-25 22:50:06',NULL),(45,'h',1,286,22,'2016-06-25 22:50:28',NULL),(46,'test',1,286,23,'2016-06-25 22:50:50',NULL),(47,'1234',1,286,24,'2016-06-25 22:52:46',NULL),(48,'1',1,286,25,'2016-06-25 22:53:04',NULL),(49,'test',1,286,26,'2016-06-25 22:55:32',NULL),(50,'hi',1,286,27,'2016-06-25 22:59:36',NULL),(51,'hi\n',2,286,28,'2016-06-25 23:01:29',NULL),(52,'hello',1,286,29,'2016-06-25 23:01:49',NULL),(53,'100',2,286,30,'2016-06-25 23:04:27',NULL),(54,'1',2,286,31,'2016-06-25 23:05:37',NULL),(55,'test',2,286,32,'2016-06-25 23:08:26',NULL),(56,'test',1,286,33,'2016-06-25 23:12:59',NULL),(57,'1',1,286,34,'2016-06-25 23:39:53',NULL),(58,'new',2,286,35,'2016-06-25 23:44:16',NULL),(59,'1',2,286,36,'2016-06-25 23:45:35',NULL),(60,'1gfjfg',2,286,37,'2016-06-25 23:46:15',NULL),(61,'test',2,286,38,'2016-06-25 23:47:05',NULL),(62,'123',2,286,39,'2016-06-25 23:49:39',NULL),(63,'12',2,286,40,'2016-06-25 23:50:39',NULL),(64,'david',1,286,41,'2016-06-26 00:09:35',NULL),(65,'test',2,286,42,'2016-06-26 00:09:51',NULL),(66,'11',2,286,43,'2016-06-26 00:10:56',NULL),(67,'test',1,286,44,'2016-06-26 00:11:32',NULL),(68,'12',2,286,45,'2016-06-26 00:12:21',NULL),(69,'test',2,286,46,'2016-06-26 00:19:37',NULL),(70,'1',2,286,47,'2016-06-26 00:28:13',NULL),(71,'test',2,286,48,'2016-06-26 00:29:52',NULL),(72,'hello',2,286,49,'2016-06-26 00:31:36',NULL),(73,'we',1,286,50,'2016-06-26 00:31:45',NULL),(74,'123',1,5413,3,'2016-06-26 00:46:06',NULL),(75,'123',1,5413,4,'2016-06-26 00:46:06',NULL),(76,'ghost',1,5413,5,'2016-06-26 00:46:18',NULL),(77,'hi',1,286,51,'2016-08-04 20:32:37',NULL),(78,'hi',1,286,52,'2016-08-04 20:41:17',NULL),(79,'123',1,286,53,'2016-08-04 20:44:20',NULL),(80,'12',1,286,54,'2016-08-04 20:46:39',NULL),(81,'Yes - no further comment needed',1,287,1,'2016-08-14 19:20:52',NULL),(82,'Yes',1,288,1,'2016-08-14 19:21:44',NULL);
/*!40000 ALTER TABLE `Response` ENABLE KEYS */;
UNLOCK TABLES;

--
-- Table structure for table `TestSheet`
--

DROP TABLE IF EXISTS `TestSheet`;
/*!40101 SET @saved_cs_client     = @@character_set_client */;
/*!40101 SET character_set_client = utf8 */;
CREATE TABLE `TestSheet` (
  `idTestSheet` int(11) NOT NULL AUTO_INCREMENT,
  `tsIdTestSheetTemplate` int(11) DEFAULT NULL,
  `tsTitle` varchar(100) DEFAULT NULL,
  `tsDateInserted` datetime DEFAULT NULL,
  `tsDateUpdated` datetime DEFAULT NULL,
  `tsIdProject` int(11) DEFAULT NULL,
  `tsStatus` tinyint(4) DEFAULT NULL,
  PRIMARY KEY (`idTestSheet`),
  KEY `FK_tsIdProject_Project_idProject_idx` (`tsIdProject`),
  CONSTRAINT `FK_tsIdProject_Project_idProject` FOREIGN KEY (`tsIdProject`) REFERENCES `Project` (`idProject`) ON DELETE NO ACTION ON UPDATE NO ACTION
) ENGINE=InnoDB AUTO_INCREMENT=59 DEFAULT CHARSET=latin1;
/*!40101 SET character_set_client = @saved_cs_client */;

--
-- Dumping data for table `TestSheet`
--

LOCK TABLES `TestSheet` WRITE;
/*!40000 ALTER TABLE `TestSheet` DISABLE KEYS */;
INSERT INTO `TestSheet` VALUES (12,1,'Test','2016-05-14 21:38:58',NULL,12,0),(13,1,'New Testsheet','2016-05-14 21:43:42',NULL,13,0),(49,1,'hello','2016-06-18 21:35:33',NULL,13,0),(50,1,'test','2016-06-26 00:43:33',NULL,13,0),(51,1,'123','2016-06-26 00:49:38',NULL,13,0),(52,1,'hello1','2016-07-03 19:34:58',NULL,13,0),(53,1,'create','2016-08-02 19:59:39',NULL,13,0),(57,255,'Custom','2016-09-03 12:26:26',NULL,13,0),(58,255,'new','2016-09-03 14:20:16',NULL,13,0);
/*!40000 ALTER TABLE `TestSheet` ENABLE KEYS */;
UNLOCK TABLES;

--
-- Table structure for table `TestSheetQuestion`
--

DROP TABLE IF EXISTS `TestSheetQuestion`;
/*!40101 SET @saved_cs_client     = @@character_set_client */;
/*!40101 SET character_set_client = utf8 */;
CREATE TABLE `TestSheetQuestion` (
  `idTestSheetQuestion` int(11) NOT NULL AUTO_INCREMENT,
  `tsqIdQuestion` int(11) DEFAULT NULL,
  `tsqStatus` tinyint(4) DEFAULT NULL,
  `tsqDateInserted` datetime DEFAULT NULL,
  `tsqDateUpdated` datetime DEFAULT NULL,
  `tsqIdTestSheet` int(11) DEFAULT NULL,
  PRIMARY KEY (`idTestSheetQuestion`),
  KEY `FK_tsqIdQuestion_Question_idQuestion_idx` (`tsqIdQuestion`),
  KEY `FK_tsqIdTestSheet_Testsheet_idTestsheet_idx` (`tsqIdTestSheet`),
  CONSTRAINT `FK_tsqIdQuestion_Question_idQuestion` FOREIGN KEY (`tsqIdQuestion`) REFERENCES `Question` (`idQuestion`) ON DELETE NO ACTION ON UPDATE NO ACTION,
  CONSTRAINT `FK_tsqIdTestSheet_Testsheet_idTestsheet` FOREIGN KEY (`tsqIdTestSheet`) REFERENCES `TestSheet` (`idTestSheet`) ON DELETE NO ACTION ON UPDATE NO ACTION
) ENGINE=InnoDB AUTO_INCREMENT=7396 DEFAULT CHARSET=latin1;
/*!40101 SET character_set_client = @saved_cs_client */;

--
-- Dumping data for table `TestSheetQuestion`
--

LOCK TABLES `TestSheetQuestion` WRITE;
/*!40000 ALTER TABLE `TestSheetQuestion` DISABLE KEYS */;
INSERT INTO `TestSheetQuestion` VALUES (159,129,0,'2016-05-14 21:38:58',NULL,12),(160,130,0,'2016-05-14 21:38:58',NULL,12),(161,131,0,'2016-05-14 21:38:58',NULL,12),(162,132,0,'2016-05-14 21:38:58',NULL,12),(163,133,0,'2016-05-14 21:38:58',NULL,12),(164,134,0,'2016-05-14 21:38:58',NULL,12),(165,135,0,'2016-05-14 21:38:58',NULL,12),(166,136,0,'2016-05-14 21:38:58',NULL,12),(167,137,0,'2016-05-14 21:38:58',NULL,12),(168,138,0,'2016-05-14 21:38:58',NULL,12),(169,139,0,'2016-05-14 21:38:58',NULL,12),(170,140,0,'2016-05-14 21:38:58',NULL,12),(171,141,0,'2016-05-14 21:38:58',NULL,12),(172,142,0,'2016-05-14 21:38:58',NULL,12),(173,143,0,'2016-05-14 21:38:58',NULL,12),(174,144,0,'2016-05-14 21:38:58',NULL,12),(175,145,0,'2016-05-14 21:38:58',NULL,12),(176,160,0,'2016-05-14 21:38:58',NULL,12),(177,161,0,'2016-05-14 21:38:58',NULL,12),(178,162,0,'2016-05-14 21:38:58',NULL,12),(179,163,0,'2016-05-14 21:38:58',NULL,12),(180,164,0,'2016-05-14 21:38:58',NULL,12),(181,165,0,'2016-05-14 21:38:58',NULL,12),(182,166,0,'2016-05-14 21:38:58',NULL,12),(183,167,0,'2016-05-14 21:38:58',NULL,12),(184,168,0,'2016-05-14 21:38:58',NULL,12),(185,169,0,'2016-05-14 21:38:58',NULL,12),(186,170,0,'2016-05-14 21:38:58',NULL,12),(187,171,0,'2016-05-14 21:38:58',NULL,12),(188,172,0,'2016-05-14 21:38:58',NULL,12),(189,173,0,'2016-05-14 21:38:58',NULL,12),(190,174,0,'2016-05-14 21:38:58',NULL,12),(191,175,0,'2016-05-14 21:38:58',NULL,12),(192,176,0,'2016-05-14 21:38:58',NULL,12),(193,191,0,'2016-05-14 21:38:58',NULL,12),(194,192,0,'2016-05-14 21:38:58',NULL,12),(195,193,0,'2016-05-14 21:38:58',NULL,12),(196,194,0,'2016-05-14 21:38:58',NULL,12),(197,195,0,'2016-05-14 21:38:58',NULL,12),(198,196,0,'2016-05-14 21:38:58',NULL,12),(199,197,0,'2016-05-14 21:38:58',NULL,12),(200,198,0,'2016-05-14 21:38:58',NULL,12),(201,199,0,'2016-05-14 21:38:58',NULL,12),(202,200,0,'2016-05-14 21:38:58',NULL,12),(203,201,0,'2016-05-14 21:38:58',NULL,12),(204,202,0,'2016-05-14 21:38:58',NULL,12),(205,203,0,'2016-05-14 21:38:58',NULL,12),(206,204,0,'2016-05-14 21:38:58',NULL,12),(207,205,0,'2016-05-14 21:38:58',NULL,12),(208,206,0,'2016-05-14 21:38:58',NULL,12),(209,207,0,'2016-05-14 21:38:58',NULL,12),(210,208,0,'2016-05-14 21:38:58',NULL,12),(211,212,0,'2016-05-14 21:38:58',NULL,12),(212,213,0,'2016-05-14 21:38:58',NULL,12),(213,214,0,'2016-05-14 21:38:58',NULL,12),(214,215,0,'2016-05-14 21:38:58',NULL,12),(215,216,0,'2016-05-14 21:38:58',NULL,12),(216,217,0,'2016-05-14 21:38:58',NULL,12),(217,218,0,'2016-05-14 21:38:58',NULL,12),(218,219,0,'2016-05-14 21:38:58',NULL,12),(219,220,0,'2016-05-14 21:38:58',NULL,12),(220,221,0,'2016-05-14 21:38:58',NULL,12),(221,222,0,'2016-05-14 21:38:58',NULL,12),(222,223,0,'2016-05-14 21:38:58',NULL,12),(223,224,0,'2016-05-14 21:38:58',NULL,12),(224,225,0,'2016-05-14 21:38:58',NULL,12),(225,226,0,'2016-05-14 21:38:58',NULL,12),(226,227,0,'2016-05-14 21:38:58',NULL,12),(227,228,0,'2016-05-14 21:38:58',NULL,12),(228,229,0,'2016-05-14 21:38:58',NULL,12),(229,230,0,'2016-05-14 21:38:58',NULL,12),(230,231,0,'2016-05-14 21:38:58',NULL,12),(231,232,0,'2016-05-14 21:38:58',NULL,12),(232,233,0,'2016-05-14 21:38:58',NULL,12),(233,234,0,'2016-05-14 21:38:58',NULL,12),(234,235,0,'2016-05-14 21:38:58',NULL,12),(235,236,0,'2016-05-14 21:38:58',NULL,12),(236,237,0,'2016-05-14 21:38:58',NULL,12),(237,238,0,'2016-05-14 21:38:58',NULL,12),(238,239,0,'2016-05-14 21:38:58',NULL,12),(239,240,0,'2016-05-14 21:38:58',NULL,12),(240,241,0,'2016-05-14 21:38:58',NULL,12),(241,242,0,'2016-05-14 21:38:58',NULL,12),(242,243,0,'2016-05-14 21:38:58',NULL,12),(243,244,0,'2016-05-14 21:38:58',NULL,12),(244,245,0,'2016-05-14 21:38:58',NULL,12),(245,246,0,'2016-05-14 21:38:58',NULL,12),(246,247,0,'2016-05-14 21:38:58',NULL,12),(247,248,0,'2016-05-14 21:38:58',NULL,12),(248,249,0,'2016-05-14 21:38:58',NULL,12),(249,250,0,'2016-05-14 21:38:58',NULL,12),(250,251,0,'2016-05-14 21:38:58',NULL,12),(251,252,0,'2016-05-14 21:38:58',NULL,12),(252,256,0,'2016-05-14 21:38:58',NULL,12),(253,257,0,'2016-05-14 21:38:58',NULL,12),(254,258,0,'2016-05-14 21:38:58',NULL,12),(255,259,0,'2016-05-14 21:38:58',NULL,12),(256,260,0,'2016-05-14 21:38:58',NULL,12),(257,261,0,'2016-05-14 21:38:58',NULL,12),(258,262,0,'2016-05-14 21:38:58',NULL,12),(259,263,0,'2016-05-14 21:38:58',NULL,12),(260,264,0,'2016-05-14 21:38:58',NULL,12),(261,265,0,'2016-05-14 21:38:58',NULL,12),(262,266,0,'2016-05-14 21:38:58',NULL,12),(263,267,0,'2016-05-14 21:38:58',NULL,12),(264,268,0,'2016-05-14 21:38:58',NULL,12),(265,269,0,'2016-05-14 21:38:58',NULL,12),(286,302,0,'2016-05-14 21:43:42',NULL,13),(287,303,0,'2016-05-14 21:43:42',NULL,13),(288,304,0,'2016-05-14 21:43:42',NULL,13),(289,305,0,'2016-05-14 21:43:42',NULL,13),(290,306,0,'2016-05-14 21:43:42',NULL,13),(291,307,0,'2016-05-14 21:43:42',NULL,13),(292,308,0,'2016-05-14 21:43:42',NULL,13),(293,309,0,'2016-05-14 21:43:42',NULL,13),(294,310,0,'2016-05-14 21:43:42',NULL,13),(295,311,0,'2016-05-14 21:43:42',NULL,13),(296,312,0,'2016-05-14 21:43:42',NULL,13),(297,313,0,'2016-05-14 21:43:42',NULL,13),(298,314,0,'2016-05-14 21:43:42',NULL,13),(299,315,0,'2016-05-14 21:43:42',NULL,13),(300,316,0,'2016-05-14 21:43:42',NULL,13),(301,317,0,'2016-05-14 21:43:42',NULL,13),(302,318,0,'2016-05-14 21:43:42',NULL,13),(303,271,0,'2016-05-14 21:43:42',NULL,13),(304,272,0,'2016-05-14 21:43:42',NULL,13),(305,273,0,'2016-05-14 21:43:42',NULL,13),(306,274,0,'2016-05-14 21:43:42',NULL,13),(307,275,0,'2016-05-14 21:43:42',NULL,13),(308,276,0,'2016-05-14 21:43:42',NULL,13),(309,277,0,'2016-05-14 21:43:42',NULL,13),(310,278,0,'2016-05-14 21:43:42',NULL,13),(311,279,0,'2016-05-14 21:43:42',NULL,13),(312,280,0,'2016-05-14 21:43:42',NULL,13),(313,281,0,'2016-05-14 21:43:42',NULL,13),(314,282,0,'2016-05-14 21:43:42',NULL,13),(315,283,0,'2016-05-14 21:43:42',NULL,13),(316,284,0,'2016-05-14 21:43:42',NULL,13),(317,285,0,'2016-05-14 21:43:42',NULL,13),(318,286,1,'2016-05-14 21:43:42',NULL,13),(319,287,0,'2016-05-14 21:43:42',NULL,13),(320,129,0,'2016-05-14 21:43:42',NULL,13),(321,130,0,'2016-05-14 21:43:42',NULL,13),(322,131,0,'2016-05-14 21:43:42',NULL,13),(323,132,0,'2016-05-14 21:43:42',NULL,13),(324,133,0,'2016-05-14 21:43:42',NULL,13),(325,134,0,'2016-05-14 21:43:42',NULL,13),(326,135,0,'2016-05-14 21:43:42',NULL,13),(327,136,0,'2016-05-14 21:43:42',NULL,13),(328,137,0,'2016-05-14 21:43:42',NULL,13),(329,138,0,'2016-05-14 21:43:42',NULL,13),(330,139,0,'2016-05-14 21:43:42',NULL,13),(331,140,0,'2016-05-14 21:43:42',NULL,13),(332,141,0,'2016-05-14 21:43:42',NULL,13),(333,142,0,'2016-05-14 21:43:42',NULL,13),(334,143,0,'2016-05-14 21:43:42',NULL,13),(335,144,0,'2016-05-14 21:43:42',NULL,13),(336,145,0,'2016-05-14 21:43:42',NULL,13),(337,160,0,'2016-05-14 21:43:42',NULL,13),(338,161,0,'2016-05-14 21:43:42',NULL,13),(339,162,0,'2016-05-14 21:43:42',NULL,13),(340,163,0,'2016-05-14 21:43:42',NULL,13),(341,164,0,'2016-05-14 21:43:42',NULL,13),(342,165,0,'2016-05-14 21:43:42',NULL,13),(343,166,0,'2016-05-14 21:43:42',NULL,13),(344,167,0,'2016-05-14 21:43:42',NULL,13),(345,168,0,'2016-05-14 21:43:42',NULL,13),(346,169,0,'2016-05-14 21:43:42',NULL,13),(347,170,0,'2016-05-14 21:43:42',NULL,13),(348,171,0,'2016-05-14 21:43:42',NULL,13),(349,172,0,'2016-05-14 21:43:42',NULL,13),(350,173,0,'2016-05-14 21:43:42',NULL,13),(351,174,0,'2016-05-14 21:43:42',NULL,13),(352,175,0,'2016-05-14 21:43:42',NULL,13),(353,176,0,'2016-05-14 21:43:42',NULL,13),(354,191,0,'2016-05-14 21:43:42',NULL,13),(355,192,0,'2016-05-14 21:43:42',NULL,13),(356,193,0,'2016-05-14 21:43:42',NULL,13),(357,194,0,'2016-05-14 21:43:42',NULL,13),(358,195,0,'2016-05-14 21:43:42',NULL,13),(359,196,0,'2016-05-14 21:43:42',NULL,13),(360,197,0,'2016-05-14 21:43:42',NULL,13),(361,198,0,'2016-05-14 21:43:42',NULL,13),(362,199,0,'2016-05-14 21:43:42',NULL,13),(363,200,0,'2016-05-14 21:43:42',NULL,13),(364,201,0,'2016-05-14 21:43:42',NULL,13),(365,202,0,'2016-05-14 21:43:42',NULL,13),(366,203,0,'2016-05-14 21:43:42',NULL,13),(367,204,0,'2016-05-14 21:43:42',NULL,13),(368,205,0,'2016-05-14 21:43:42',NULL,13),(369,206,0,'2016-05-14 21:43:42',NULL,13),(370,207,0,'2016-05-14 21:43:42',NULL,13),(371,208,0,'2016-05-14 21:43:42',NULL,13),(372,212,0,'2016-05-14 21:43:42',NULL,13),(373,213,0,'2016-05-14 21:43:42',NULL,13),(374,214,0,'2016-05-14 21:43:42',NULL,13),(375,215,0,'2016-05-14 21:43:42',NULL,13),(376,216,0,'2016-05-14 21:43:42',NULL,13),(377,217,0,'2016-05-14 21:43:42',NULL,13),(378,218,0,'2016-05-14 21:43:42',NULL,13),(379,219,0,'2016-05-14 21:43:42',NULL,13),(380,220,0,'2016-05-14 21:43:42',NULL,13),(381,221,0,'2016-05-14 21:43:42',NULL,13),(382,222,0,'2016-05-14 21:43:42',NULL,13),(383,223,0,'2016-05-14 21:43:42',NULL,13),(384,224,0,'2016-05-14 21:43:42',NULL,13),(385,225,0,'2016-05-14 21:43:42',NULL,13),(386,226,0,'2016-05-14 21:43:42',NULL,13),(387,227,0,'2016-05-14 21:43:42',NULL,13),(388,228,0,'2016-05-14 21:43:42',NULL,13),(389,229,0,'2016-05-14 21:43:42',NULL,13),(390,230,0,'2016-05-14 21:43:42',NULL,13),(391,231,0,'2016-05-14 21:43:42',NULL,13),(392,232,0,'2016-05-14 21:43:42',NULL,13),(393,233,0,'2016-05-14 21:43:42',NULL,13),(394,234,0,'2016-05-14 21:43:42',NULL,13),(395,235,0,'2016-05-14 21:43:42',NULL,13),(396,236,0,'2016-05-14 21:43:42',NULL,13),(397,237,0,'2016-05-14 21:43:42',NULL,13),(398,238,0,'2016-05-14 21:43:42',NULL,13),(399,239,0,'2016-05-14 21:43:42',NULL,13),(400,240,0,'2016-05-14 21:43:42',NULL,13),(401,241,0,'2016-05-14 21:43:42',NULL,13),(402,242,0,'2016-05-14 21:43:42',NULL,13),(403,243,0,'2016-05-14 21:43:42',NULL,13),(404,244,0,'2016-05-14 21:43:42',NULL,13),(405,245,0,'2016-05-14 21:43:42',NULL,13),(406,246,0,'2016-05-14 21:43:42',NULL,13),(407,247,0,'2016-05-14 21:43:42',NULL,13),(408,248,0,'2016-05-14 21:43:42',NULL,13),(409,249,0,'2016-05-14 21:43:42',NULL,13),(410,250,0,'2016-05-14 21:43:42',NULL,13),(411,251,0,'2016-05-14 21:43:42',NULL,13),(412,252,0,'2016-05-14 21:43:42',NULL,13),(413,256,0,'2016-05-14 21:43:42',NULL,13),(414,257,0,'2016-05-14 21:43:42',NULL,13),(415,258,0,'2016-05-14 21:43:42',NULL,13),(416,259,0,'2016-05-14 21:43:42',NULL,13),(417,260,0,'2016-05-14 21:43:42',NULL,13),(418,261,0,'2016-05-14 21:43:42',NULL,13),(419,262,0,'2016-05-14 21:43:42',NULL,13),(420,263,0,'2016-05-14 21:43:42',NULL,13),(421,264,0,'2016-05-14 21:43:42',NULL,13),(422,265,0,'2016-05-14 21:43:42',NULL,13),(423,266,0,'2016-05-14 21:43:42',NULL,13),(424,267,0,'2016-05-14 21:43:42',NULL,13),(425,268,0,'2016-05-14 21:43:42',NULL,13),(426,269,0,'2016-05-14 21:43:42',NULL,13),(5413,302,0,'2016-06-18 21:35:33',NULL,49),(5414,303,0,'2016-06-18 21:35:33',NULL,49),(5415,304,0,'2016-06-18 21:35:33',NULL,49),(5416,305,0,'2016-06-18 21:35:33',NULL,49),(5417,306,0,'2016-06-18 21:35:33',NULL,49),(5418,307,0,'2016-06-18 21:35:33',NULL,49),(5419,308,0,'2016-06-18 21:35:33',NULL,49),(5420,309,0,'2016-06-18 21:35:33',NULL,49),(5421,310,0,'2016-06-18 21:35:33',NULL,49),(5422,311,0,'2016-06-18 21:35:33',NULL,49),(5423,312,0,'2016-06-18 21:35:33',NULL,49),(5424,313,0,'2016-06-18 21:35:33',NULL,49),(5425,314,0,'2016-06-18 21:35:33',NULL,49),(5426,315,0,'2016-06-18 21:35:33',NULL,49),(5427,316,0,'2016-06-18 21:35:33',NULL,49),(5428,317,0,'2016-06-18 21:35:33',NULL,49),(5429,318,0,'2016-06-18 21:35:33',NULL,49),(5430,271,0,'2016-06-18 21:35:33',NULL,49),(5431,272,0,'2016-06-18 21:35:33',NULL,49),(5432,273,0,'2016-06-18 21:35:33',NULL,49),(5433,274,0,'2016-06-18 21:35:33',NULL,49),(5434,275,0,'2016-06-18 21:35:33',NULL,49),(5435,276,0,'2016-06-18 21:35:33',NULL,49),(5436,277,0,'2016-06-18 21:35:33',NULL,49),(5437,278,0,'2016-06-18 21:35:33',NULL,49),(5438,279,0,'2016-06-18 21:35:33',NULL,49),(5439,280,0,'2016-06-18 21:35:33',NULL,49),(5440,281,0,'2016-06-18 21:35:33',NULL,49),(5441,282,0,'2016-06-18 21:35:33',NULL,49),(5442,283,0,'2016-06-18 21:35:33',NULL,49),(5443,284,0,'2016-06-18 21:35:33',NULL,49),(5444,285,0,'2016-06-18 21:35:33',NULL,49),(5445,286,1,'2016-06-18 21:35:33',NULL,49),(5446,287,0,'2016-06-18 21:35:33',NULL,49),(5447,129,0,'2016-06-18 21:35:33',NULL,49),(5448,130,0,'2016-06-18 21:35:33',NULL,49),(5449,131,0,'2016-06-18 21:35:33',NULL,49),(5450,132,0,'2016-06-18 21:35:33',NULL,49),(5451,133,0,'2016-06-18 21:35:33',NULL,49),(5452,134,0,'2016-06-18 21:35:33',NULL,49),(5453,135,0,'2016-06-18 21:35:33',NULL,49),(5454,136,0,'2016-06-18 21:35:33',NULL,49),(5455,137,0,'2016-06-18 21:35:33',NULL,49),(5456,138,0,'2016-06-18 21:35:33',NULL,49),(5457,139,0,'2016-06-18 21:35:33',NULL,49),(5458,140,0,'2016-06-18 21:35:33',NULL,49),(5459,141,0,'2016-06-18 21:35:33',NULL,49),(5460,142,0,'2016-06-18 21:35:33',NULL,49),(5461,143,0,'2016-06-18 21:35:33',NULL,49),(5462,144,0,'2016-06-18 21:35:33',NULL,49),(5463,145,0,'2016-06-18 21:35:33',NULL,49),(5464,160,0,'2016-06-18 21:35:33',NULL,49),(5465,161,0,'2016-06-18 21:35:33',NULL,49),(5466,162,0,'2016-06-18 21:35:33',NULL,49),(5467,163,0,'2016-06-18 21:35:33',NULL,49),(5468,164,0,'2016-06-18 21:35:33',NULL,49),(5469,165,0,'2016-06-18 21:35:33',NULL,49),(5470,166,0,'2016-06-18 21:35:33',NULL,49),(5471,167,0,'2016-06-18 21:35:33',NULL,49),(5472,168,0,'2016-06-18 21:35:33',NULL,49),(5473,169,0,'2016-06-18 21:35:33',NULL,49),(5474,170,0,'2016-06-18 21:35:33',NULL,49),(5475,171,0,'2016-06-18 21:35:33',NULL,49),(5476,172,0,'2016-06-18 21:35:33',NULL,49),(5477,173,0,'2016-06-18 21:35:33',NULL,49),(5478,174,0,'2016-06-18 21:35:33',NULL,49),(5479,175,0,'2016-06-18 21:35:33',NULL,49),(5480,176,0,'2016-06-18 21:35:33',NULL,49),(5481,191,0,'2016-06-18 21:35:33',NULL,49),(5482,192,0,'2016-06-18 21:35:33',NULL,49),(5483,193,0,'2016-06-18 21:35:33',NULL,49),(5484,194,0,'2016-06-18 21:35:33',NULL,49),(5485,195,0,'2016-06-18 21:35:33',NULL,49),(5486,196,0,'2016-06-18 21:35:33',NULL,49),(5487,197,0,'2016-06-18 21:35:33',NULL,49),(5488,198,0,'2016-06-18 21:35:33',NULL,49),(5489,199,0,'2016-06-18 21:35:33',NULL,49),(5490,200,0,'2016-06-18 21:35:33',NULL,49),(5491,201,0,'2016-06-18 21:35:33',NULL,49),(5492,202,0,'2016-06-18 21:35:33',NULL,49),(5493,203,0,'2016-06-18 21:35:33',NULL,49),(5494,204,0,'2016-06-18 21:35:33',NULL,49),(5495,205,0,'2016-06-18 21:35:33',NULL,49),(5496,206,0,'2016-06-18 21:35:33',NULL,49),(5497,207,0,'2016-06-18 21:35:33',NULL,49),(5498,208,0,'2016-06-18 21:35:33',NULL,49),(5499,212,0,'2016-06-18 21:35:33',NULL,49),(5500,213,0,'2016-06-18 21:35:33',NULL,49),(5501,214,0,'2016-06-18 21:35:33',NULL,49),(5502,215,0,'2016-06-18 21:35:33',NULL,49),(5503,216,0,'2016-06-18 21:35:33',NULL,49),(5504,217,0,'2016-06-18 21:35:33',NULL,49),(5505,218,0,'2016-06-18 21:35:33',NULL,49),(5506,219,0,'2016-06-18 21:35:33',NULL,49),(5507,220,0,'2016-06-18 21:35:33',NULL,49),(5508,221,0,'2016-06-18 21:35:33',NULL,49),(5509,222,0,'2016-06-18 21:35:33',NULL,49),(5510,223,0,'2016-06-18 21:35:33',NULL,49),(5511,224,0,'2016-06-18 21:35:33',NULL,49),(5512,225,0,'2016-06-18 21:35:33',NULL,49),(5513,226,0,'2016-06-18 21:35:33',NULL,49),(5514,227,0,'2016-06-18 21:35:33',NULL,49),(5515,228,0,'2016-06-18 21:35:33',NULL,49),(5516,229,0,'2016-06-18 21:35:33',NULL,49),(5517,230,0,'2016-06-18 21:35:33',NULL,49),(5518,231,0,'2016-06-18 21:35:33',NULL,49),(5519,232,0,'2016-06-18 21:35:33',NULL,49),(5520,233,0,'2016-06-18 21:35:33',NULL,49),(5521,234,0,'2016-06-18 21:35:33',NULL,49),(5522,235,0,'2016-06-18 21:35:33',NULL,49),(5523,236,0,'2016-06-18 21:35:33',NULL,49),(5524,237,0,'2016-06-18 21:35:33',NULL,49),(5525,238,0,'2016-06-18 21:35:33',NULL,49),(5526,239,0,'2016-06-18 21:35:33',NULL,49),(5527,240,0,'2016-06-18 21:35:33',NULL,49),(5528,241,0,'2016-06-18 21:35:33',NULL,49),(5529,242,0,'2016-06-18 21:35:33',NULL,49),(5530,243,0,'2016-06-18 21:35:33',NULL,49),(5531,244,0,'2016-06-18 21:35:33',NULL,49),(5532,245,0,'2016-06-18 21:35:33',NULL,49),(5533,246,0,'2016-06-18 21:35:33',NULL,49),(5534,247,0,'2016-06-18 21:35:33',NULL,49),(5535,248,0,'2016-06-18 21:35:33',NULL,49),(5536,249,0,'2016-06-18 21:35:33',NULL,49),(5537,250,0,'2016-06-18 21:35:33',NULL,49),(5538,251,0,'2016-06-18 21:35:33',NULL,49),(5539,252,0,'2016-06-18 21:35:33',NULL,49),(5540,256,0,'2016-06-18 21:35:33',NULL,49),(5541,257,0,'2016-06-18 21:35:33',NULL,49),(5542,258,0,'2016-06-18 21:35:33',NULL,49),(5543,259,0,'2016-06-18 21:35:33',NULL,49),(5544,260,0,'2016-06-18 21:35:33',NULL,49),(5545,261,0,'2016-06-18 21:35:33',NULL,49),(5546,262,0,'2016-06-18 21:35:33',NULL,49),(5547,263,0,'2016-06-18 21:35:33',NULL,49),(5548,264,0,'2016-06-18 21:35:33',NULL,49),(5549,265,0,'2016-06-18 21:35:33',NULL,49),(5550,266,0,'2016-06-18 21:35:33',NULL,49),(5551,267,0,'2016-06-18 21:35:33',NULL,49),(5552,268,0,'2016-06-18 21:35:33',NULL,49),(5553,269,0,'2016-06-18 21:35:33',NULL,49),(5554,302,0,'2016-06-26 00:43:34',NULL,50),(5555,303,0,'2016-06-26 00:43:34',NULL,50),(5556,304,0,'2016-06-26 00:43:34',NULL,50),(5557,305,0,'2016-06-26 00:43:34',NULL,50),(5558,306,0,'2016-06-26 00:43:34',NULL,50),(5559,307,0,'2016-06-26 00:43:34',NULL,50),(5560,308,0,'2016-06-26 00:43:34',NULL,50),(5561,309,0,'2016-06-26 00:43:34',NULL,50),(5562,310,0,'2016-06-26 00:43:34',NULL,50),(5563,311,0,'2016-06-26 00:43:34',NULL,50),(5564,312,0,'2016-06-26 00:43:34',NULL,50),(5565,313,0,'2016-06-26 00:43:34',NULL,50),(5566,314,0,'2016-06-26 00:43:34',NULL,50),(5567,315,0,'2016-06-26 00:43:34',NULL,50),(5568,316,0,'2016-06-26 00:43:34',NULL,50),(5569,317,0,'2016-06-26 00:43:34',NULL,50),(5570,318,0,'2016-06-26 00:43:34',NULL,50),(5571,271,0,'2016-06-26 00:43:34',NULL,50),(5572,272,0,'2016-06-26 00:43:34',NULL,50),(5573,273,0,'2016-06-26 00:43:34',NULL,50),(5574,274,0,'2016-06-26 00:43:34',NULL,50),(5575,275,0,'2016-06-26 00:43:34',NULL,50),(5576,276,0,'2016-06-26 00:43:34',NULL,50),(5577,277,0,'2016-06-26 00:43:34',NULL,50),(5578,278,0,'2016-06-26 00:43:34',NULL,50),(5579,279,0,'2016-06-26 00:43:34',NULL,50),(5580,280,0,'2016-06-26 00:43:34',NULL,50),(5581,281,0,'2016-06-26 00:43:34',NULL,50),(5582,282,0,'2016-06-26 00:43:34',NULL,50),(5583,283,0,'2016-06-26 00:43:34',NULL,50),(5584,284,0,'2016-06-26 00:43:34',NULL,50),(5585,285,0,'2016-06-26 00:43:34',NULL,50),(5586,286,1,'2016-06-26 00:43:34',NULL,50),(5587,287,0,'2016-06-26 00:43:34',NULL,50),(5588,129,0,'2016-06-26 00:43:34',NULL,50),(5589,130,0,'2016-06-26 00:43:34',NULL,50),(5590,131,0,'2016-06-26 00:43:34',NULL,50),(5591,132,0,'2016-06-26 00:43:34',NULL,50),(5592,133,0,'2016-06-26 00:43:34',NULL,50),(5593,134,0,'2016-06-26 00:43:34',NULL,50),(5594,135,0,'2016-06-26 00:43:34',NULL,50),(5595,136,0,'2016-06-26 00:43:34',NULL,50),(5596,137,0,'2016-06-26 00:43:34',NULL,50),(5597,138,0,'2016-06-26 00:43:34',NULL,50),(5598,139,0,'2016-06-26 00:43:34',NULL,50),(5599,140,0,'2016-06-26 00:43:34',NULL,50),(5600,141,0,'2016-06-26 00:43:34',NULL,50),(5601,142,0,'2016-06-26 00:43:34',NULL,50),(5602,143,0,'2016-06-26 00:43:34',NULL,50),(5603,144,0,'2016-06-26 00:43:34',NULL,50),(5604,145,0,'2016-06-26 00:43:34',NULL,50),(5605,160,0,'2016-06-26 00:43:34',NULL,50),(5606,161,0,'2016-06-26 00:43:34',NULL,50),(5607,162,0,'2016-06-26 00:43:34',NULL,50),(5608,163,0,'2016-06-26 00:43:34',NULL,50),(5609,164,0,'2016-06-26 00:43:34',NULL,50),(5610,165,0,'2016-06-26 00:43:34',NULL,50),(5611,166,0,'2016-06-26 00:43:34',NULL,50),(5612,167,0,'2016-06-26 00:43:34',NULL,50),(5613,168,0,'2016-06-26 00:43:34',NULL,50),(5614,169,0,'2016-06-26 00:43:34',NULL,50),(5615,170,0,'2016-06-26 00:43:34',NULL,50),(5616,171,0,'2016-06-26 00:43:34',NULL,50),(5617,172,0,'2016-06-26 00:43:34',NULL,50),(5618,173,0,'2016-06-26 00:43:34',NULL,50),(5619,174,0,'2016-06-26 00:43:34',NULL,50),(5620,175,0,'2016-06-26 00:43:34',NULL,50),(5621,176,0,'2016-06-26 00:43:34',NULL,50),(5622,191,0,'2016-06-26 00:43:34',NULL,50),(5623,192,0,'2016-06-26 00:43:34',NULL,50),(5624,193,0,'2016-06-26 00:43:34',NULL,50),(5625,194,0,'2016-06-26 00:43:34',NULL,50),(5626,195,0,'2016-06-26 00:43:34',NULL,50),(5627,196,0,'2016-06-26 00:43:34',NULL,50),(5628,197,0,'2016-06-26 00:43:34',NULL,50),(5629,198,0,'2016-06-26 00:43:34',NULL,50),(5630,199,0,'2016-06-26 00:43:34',NULL,50),(5631,200,0,'2016-06-26 00:43:34',NULL,50),(5632,201,0,'2016-06-26 00:43:34',NULL,50),(5633,202,0,'2016-06-26 00:43:34',NULL,50),(5634,203,0,'2016-06-26 00:43:34',NULL,50),(5635,204,0,'2016-06-26 00:43:34',NULL,50),(5636,205,0,'2016-06-26 00:43:34',NULL,50),(5637,206,0,'2016-06-26 00:43:34',NULL,50),(5638,207,0,'2016-06-26 00:43:34',NULL,50),(5639,208,0,'2016-06-26 00:43:34',NULL,50),(5640,212,0,'2016-06-26 00:43:34',NULL,50),(5641,213,0,'2016-06-26 00:43:34',NULL,50),(5642,214,0,'2016-06-26 00:43:34',NULL,50),(5643,215,0,'2016-06-26 00:43:34',NULL,50),(5644,216,0,'2016-06-26 00:43:34',NULL,50),(5645,217,0,'2016-06-26 00:43:34',NULL,50),(5646,218,0,'2016-06-26 00:43:34',NULL,50),(5647,219,0,'2016-06-26 00:43:34',NULL,50),(5648,220,0,'2016-06-26 00:43:34',NULL,50),(5649,221,0,'2016-06-26 00:43:34',NULL,50),(5650,222,0,'2016-06-26 00:43:34',NULL,50),(5651,223,0,'2016-06-26 00:43:34',NULL,50),(5652,224,0,'2016-06-26 00:43:34',NULL,50),(5653,225,0,'2016-06-26 00:43:34',NULL,50),(5654,226,0,'2016-06-26 00:43:34',NULL,50),(5655,227,0,'2016-06-26 00:43:34',NULL,50),(5656,228,0,'2016-06-26 00:43:34',NULL,50),(5657,229,0,'2016-06-26 00:43:34',NULL,50),(5658,230,0,'2016-06-26 00:43:34',NULL,50),(5659,231,0,'2016-06-26 00:43:34',NULL,50),(5660,232,0,'2016-06-26 00:43:34',NULL,50),(5661,233,0,'2016-06-26 00:43:34',NULL,50),(5662,234,0,'2016-06-26 00:43:34',NULL,50),(5663,235,0,'2016-06-26 00:43:34',NULL,50),(5664,236,0,'2016-06-26 00:43:34',NULL,50),(5665,237,0,'2016-06-26 00:43:34',NULL,50),(5666,238,0,'2016-06-26 00:43:34',NULL,50),(5667,239,0,'2016-06-26 00:43:34',NULL,50),(5668,240,0,'2016-06-26 00:43:34',NULL,50),(5669,241,0,'2016-06-26 00:43:34',NULL,50),(5670,242,0,'2016-06-26 00:43:34',NULL,50),(5671,243,0,'2016-06-26 00:43:34',NULL,50),(5672,244,0,'2016-06-26 00:43:34',NULL,50),(5673,245,0,'2016-06-26 00:43:34',NULL,50),(5674,246,0,'2016-06-26 00:43:34',NULL,50),(5675,247,0,'2016-06-26 00:43:34',NULL,50),(5676,248,0,'2016-06-26 00:43:34',NULL,50),(5677,249,0,'2016-06-26 00:43:34',NULL,50),(5678,250,0,'2016-06-26 00:43:34',NULL,50),(5679,251,0,'2016-06-26 00:43:34',NULL,50),(5680,252,0,'2016-06-26 00:43:34',NULL,50),(5681,256,0,'2016-06-26 00:43:34',NULL,50),(5682,257,0,'2016-06-26 00:43:34',NULL,50),(5683,258,0,'2016-06-26 00:43:34',NULL,50),(5684,259,0,'2016-06-26 00:43:34',NULL,50),(5685,260,0,'2016-06-26 00:43:34',NULL,50),(5686,261,0,'2016-06-26 00:43:34',NULL,50),(5687,262,0,'2016-06-26 00:43:34',NULL,50),(5688,263,0,'2016-06-26 00:43:34',NULL,50),(5689,264,0,'2016-06-26 00:43:34',NULL,50),(5690,265,0,'2016-06-26 00:43:34',NULL,50),(5691,266,0,'2016-06-26 00:43:34',NULL,50),(5692,267,0,'2016-06-26 00:43:34',NULL,50),(5693,268,0,'2016-06-26 00:43:34',NULL,50),(5694,269,0,'2016-06-26 00:43:34',NULL,50),(5809,302,0,'2016-06-26 00:49:38',NULL,51),(5810,303,0,'2016-06-26 00:49:38',NULL,51),(5811,304,0,'2016-06-26 00:49:38',NULL,51),(5812,305,0,'2016-06-26 00:49:38',NULL,51),(5813,306,0,'2016-06-26 00:49:38',NULL,51),(5814,307,0,'2016-06-26 00:49:38',NULL,51),(5815,308,0,'2016-06-26 00:49:38',NULL,51),(5816,309,0,'2016-06-26 00:49:38',NULL,51),(5817,310,0,'2016-06-26 00:49:38',NULL,51),(5818,311,0,'2016-06-26 00:49:38',NULL,51),(5819,312,0,'2016-06-26 00:49:38',NULL,51),(5820,313,0,'2016-06-26 00:49:38',NULL,51),(5821,314,0,'2016-06-26 00:49:38',NULL,51),(5822,315,0,'2016-06-26 00:49:38',NULL,51),(5823,316,0,'2016-06-26 00:49:38',NULL,51),(5824,317,0,'2016-06-26 00:49:38',NULL,51),(5825,318,0,'2016-06-26 00:49:38',NULL,51),(5826,271,0,'2016-06-26 00:49:38',NULL,51),(5827,272,0,'2016-06-26 00:49:38',NULL,51),(5828,273,0,'2016-06-26 00:49:38',NULL,51),(5829,274,0,'2016-06-26 00:49:38',NULL,51),(5830,275,0,'2016-06-26 00:49:38',NULL,51),(5831,276,0,'2016-06-26 00:49:38',NULL,51),(5832,277,0,'2016-06-26 00:49:38',NULL,51),(5833,278,0,'2016-06-26 00:49:38',NULL,51),(5834,279,0,'2016-06-26 00:49:38',NULL,51),(5835,280,0,'2016-06-26 00:49:38',NULL,51),(5836,281,0,'2016-06-26 00:49:38',NULL,51),(5837,282,0,'2016-06-26 00:49:38',NULL,51),(5838,283,0,'2016-06-26 00:49:38',NULL,51),(5839,284,0,'2016-06-26 00:49:38',NULL,51),(5840,285,0,'2016-06-26 00:49:38',NULL,51),(5841,286,1,'2016-06-26 00:49:38',NULL,51),(5842,287,0,'2016-06-26 00:49:38',NULL,51),(5843,129,0,'2016-06-26 00:49:38',NULL,51),(5844,130,0,'2016-06-26 00:49:38',NULL,51),(5845,131,0,'2016-06-26 00:49:38',NULL,51),(5846,132,0,'2016-06-26 00:49:38',NULL,51),(5847,133,0,'2016-06-26 00:49:38',NULL,51),(5848,134,0,'2016-06-26 00:49:38',NULL,51),(5849,135,0,'2016-06-26 00:49:38',NULL,51),(5850,136,0,'2016-06-26 00:49:38',NULL,51),(5851,137,0,'2016-06-26 00:49:38',NULL,51),(5852,138,0,'2016-06-26 00:49:38',NULL,51),(5853,139,0,'2016-06-26 00:49:38',NULL,51),(5854,140,0,'2016-06-26 00:49:38',NULL,51),(5855,141,0,'2016-06-26 00:49:38',NULL,51),(5856,142,0,'2016-06-26 00:49:38',NULL,51),(5857,143,0,'2016-06-26 00:49:38',NULL,51),(5858,144,0,'2016-06-26 00:49:38',NULL,51),(5859,145,0,'2016-06-26 00:49:38',NULL,51),(5860,160,0,'2016-06-26 00:49:38',NULL,51),(5861,161,0,'2016-06-26 00:49:38',NULL,51),(5862,162,0,'2016-06-26 00:49:38',NULL,51),(5863,163,0,'2016-06-26 00:49:38',NULL,51),(5864,164,0,'2016-06-26 00:49:38',NULL,51),(5865,165,0,'2016-06-26 00:49:38',NULL,51),(5866,166,0,'2016-06-26 00:49:38',NULL,51),(5867,167,0,'2016-06-26 00:49:38',NULL,51),(5868,168,0,'2016-06-26 00:49:38',NULL,51),(5869,169,0,'2016-06-26 00:49:38',NULL,51),(5870,170,0,'2016-06-26 00:49:38',NULL,51),(5871,171,0,'2016-06-26 00:49:38',NULL,51),(5872,172,0,'2016-06-26 00:49:38',NULL,51),(5873,173,0,'2016-06-26 00:49:38',NULL,51),(5874,174,0,'2016-06-26 00:49:38',NULL,51),(5875,175,0,'2016-06-26 00:49:38',NULL,51),(5876,176,0,'2016-06-26 00:49:38',NULL,51),(5877,191,0,'2016-06-26 00:49:38',NULL,51),(5878,192,0,'2016-06-26 00:49:38',NULL,51),(5879,193,0,'2016-06-26 00:49:38',NULL,51),(5880,194,0,'2016-06-26 00:49:38',NULL,51),(5881,195,0,'2016-06-26 00:49:38',NULL,51),(5882,196,0,'2016-06-26 00:49:38',NULL,51),(5883,197,0,'2016-06-26 00:49:38',NULL,51),(5884,198,0,'2016-06-26 00:49:38',NULL,51),(5885,199,0,'2016-06-26 00:49:38',NULL,51),(5886,200,0,'2016-06-26 00:49:38',NULL,51),(5887,201,0,'2016-06-26 00:49:38',NULL,51),(5888,202,0,'2016-06-26 00:49:38',NULL,51),(5889,203,0,'2016-06-26 00:49:38',NULL,51),(5890,204,0,'2016-06-26 00:49:38',NULL,51),(5891,205,0,'2016-06-26 00:49:38',NULL,51),(5892,206,0,'2016-06-26 00:49:38',NULL,51),(5893,207,0,'2016-06-26 00:49:38',NULL,51),(5894,208,0,'2016-06-26 00:49:38',NULL,51),(5895,212,0,'2016-06-26 00:49:38',NULL,51),(5896,213,0,'2016-06-26 00:49:38',NULL,51),(5897,214,0,'2016-06-26 00:49:38',NULL,51),(5898,215,0,'2016-06-26 00:49:38',NULL,51),(5899,216,0,'2016-06-26 00:49:38',NULL,51),(5900,217,0,'2016-06-26 00:49:38',NULL,51),(5901,218,0,'2016-06-26 00:49:38',NULL,51),(5902,219,0,'2016-06-26 00:49:38',NULL,51),(5903,220,0,'2016-06-26 00:49:38',NULL,51),(5904,221,0,'2016-06-26 00:49:38',NULL,51),(5905,222,0,'2016-06-26 00:49:38',NULL,51),(5906,223,0,'2016-06-26 00:49:38',NULL,51),(5907,224,0,'2016-06-26 00:49:38',NULL,51),(5908,225,0,'2016-06-26 00:49:38',NULL,51),(5909,226,0,'2016-06-26 00:49:38',NULL,51),(5910,227,0,'2016-06-26 00:49:38',NULL,51),(5911,228,0,'2016-06-26 00:49:38',NULL,51),(5912,229,0,'2016-06-26 00:49:38',NULL,51),(5913,230,0,'2016-06-26 00:49:38',NULL,51),(5914,231,0,'2016-06-26 00:49:38',NULL,51),(5915,232,0,'2016-06-26 00:49:38',NULL,51),(5916,233,0,'2016-06-26 00:49:38',NULL,51),(5917,234,0,'2016-06-26 00:49:38',NULL,51),(5918,235,0,'2016-06-26 00:49:38',NULL,51),(5919,236,0,'2016-06-26 00:49:38',NULL,51),(5920,237,0,'2016-06-26 00:49:38',NULL,51),(5921,238,0,'2016-06-26 00:49:38',NULL,51),(5922,239,0,'2016-06-26 00:49:38',NULL,51),(5923,240,0,'2016-06-26 00:49:38',NULL,51),(5924,241,0,'2016-06-26 00:49:38',NULL,51),(5925,242,0,'2016-06-26 00:49:38',NULL,51),(5926,243,0,'2016-06-26 00:49:38',NULL,51),(5927,244,0,'2016-06-26 00:49:38',NULL,51),(5928,245,0,'2016-06-26 00:49:38',NULL,51),(5929,246,0,'2016-06-26 00:49:38',NULL,51),(5930,247,0,'2016-06-26 00:49:38',NULL,51),(5931,248,0,'2016-06-26 00:49:38',NULL,51),(5932,249,0,'2016-06-26 00:49:38',NULL,51),(5933,250,0,'2016-06-26 00:49:38',NULL,51),(5934,251,0,'2016-06-26 00:49:38',NULL,51),(5935,252,0,'2016-06-26 00:49:38',NULL,51),(5936,256,0,'2016-06-26 00:49:38',NULL,51),(5937,257,0,'2016-06-26 00:49:38',NULL,51),(5938,258,0,'2016-06-26 00:49:38',NULL,51),(5939,259,0,'2016-06-26 00:49:38',NULL,51),(5940,260,0,'2016-06-26 00:49:38',NULL,51),(5941,261,0,'2016-06-26 00:49:38',NULL,51),(5942,262,0,'2016-06-26 00:49:38',NULL,51),(5943,263,0,'2016-06-26 00:49:38',NULL,51),(5944,264,0,'2016-06-26 00:49:38',NULL,51),(5945,265,0,'2016-06-26 00:49:38',NULL,51),(5946,266,0,'2016-06-26 00:49:38',NULL,51),(5947,267,0,'2016-06-26 00:49:38',NULL,51),(5948,268,0,'2016-06-26 00:49:38',NULL,51),(5949,269,0,'2016-06-26 00:49:38',NULL,51),(5950,302,0,'2016-07-03 19:34:58',NULL,52),(5951,303,0,'2016-07-03 19:34:58',NULL,52),(5952,304,0,'2016-07-03 19:34:58',NULL,52),(5953,305,0,'2016-07-03 19:34:58',NULL,52),(5954,306,0,'2016-07-03 19:34:58',NULL,52),(5955,307,0,'2016-07-03 19:34:58',NULL,52),(5956,308,0,'2016-07-03 19:34:58',NULL,52),(5957,309,0,'2016-07-03 19:34:58',NULL,52),(5958,310,0,'2016-07-03 19:34:58',NULL,52),(5959,311,0,'2016-07-03 19:34:58',NULL,52),(5960,312,0,'2016-07-03 19:34:58',NULL,52),(5961,313,0,'2016-07-03 19:34:58',NULL,52),(5962,314,0,'2016-07-03 19:34:58',NULL,52),(5963,315,0,'2016-07-03 19:34:58',NULL,52),(5964,316,0,'2016-07-03 19:34:58',NULL,52),(5965,317,0,'2016-07-03 19:34:58',NULL,52),(5966,318,0,'2016-07-03 19:34:58',NULL,52),(5967,271,0,'2016-07-03 19:34:58',NULL,52),(5968,272,0,'2016-07-03 19:34:58',NULL,52),(5969,273,0,'2016-07-03 19:34:58',NULL,52),(5970,274,0,'2016-07-03 19:34:58',NULL,52),(5971,275,0,'2016-07-03 19:34:58',NULL,52),(5972,276,0,'2016-07-03 19:34:58',NULL,52),(5973,277,0,'2016-07-03 19:34:58',NULL,52),(5974,278,0,'2016-07-03 19:34:58',NULL,52),(5975,279,0,'2016-07-03 19:34:58',NULL,52),(5976,280,0,'2016-07-03 19:34:58',NULL,52),(5977,281,0,'2016-07-03 19:34:58',NULL,52),(5978,282,0,'2016-07-03 19:34:58',NULL,52),(5979,283,0,'2016-07-03 19:34:58',NULL,52),(5980,284,0,'2016-07-03 19:34:58',NULL,52),(5981,285,0,'2016-07-03 19:34:58',NULL,52),(5982,286,1,'2016-07-03 19:34:58',NULL,52),(5983,287,0,'2016-07-03 19:34:58',NULL,52),(5984,129,0,'2016-07-03 19:34:58',NULL,52),(5985,130,0,'2016-07-03 19:34:58',NULL,52),(5986,131,0,'2016-07-03 19:34:58',NULL,52),(5987,132,0,'2016-07-03 19:34:58',NULL,52),(5988,133,0,'2016-07-03 19:34:58',NULL,52),(5989,134,0,'2016-07-03 19:34:58',NULL,52),(5990,135,0,'2016-07-03 19:34:58',NULL,52),(5991,136,0,'2016-07-03 19:34:58',NULL,52),(5992,137,0,'2016-07-03 19:34:58',NULL,52),(5993,138,0,'2016-07-03 19:34:58',NULL,52),(5994,139,0,'2016-07-03 19:34:58',NULL,52),(5995,140,0,'2016-07-03 19:34:58',NULL,52),(5996,141,0,'2016-07-03 19:34:58',NULL,52),(5997,142,0,'2016-07-03 19:34:58',NULL,52),(5998,143,0,'2016-07-03 19:34:58',NULL,52),(5999,144,0,'2016-07-03 19:34:58',NULL,52),(6000,145,0,'2016-07-03 19:34:58',NULL,52),(6001,160,0,'2016-07-03 19:34:58',NULL,52),(6002,161,0,'2016-07-03 19:34:58',NULL,52),(6003,162,0,'2016-07-03 19:34:58',NULL,52),(6004,163,0,'2016-07-03 19:34:58',NULL,52),(6005,164,0,'2016-07-03 19:34:58',NULL,52),(6006,165,0,'2016-07-03 19:34:58',NULL,52),(6007,166,0,'2016-07-03 19:34:58',NULL,52),(6008,167,0,'2016-07-03 19:34:58',NULL,52),(6009,168,0,'2016-07-03 19:34:58',NULL,52),(6010,169,0,'2016-07-03 19:34:58',NULL,52),(6011,170,0,'2016-07-03 19:34:58',NULL,52),(6012,171,0,'2016-07-03 19:34:58',NULL,52),(6013,172,0,'2016-07-03 19:34:58',NULL,52),(6014,173,0,'2016-07-03 19:34:58',NULL,52),(6015,174,0,'2016-07-03 19:34:58',NULL,52),(6016,175,0,'2016-07-03 19:34:58',NULL,52),(6017,176,0,'2016-07-03 19:34:58',NULL,52),(6018,191,0,'2016-07-03 19:34:58',NULL,52),(6019,192,0,'2016-07-03 19:34:58',NULL,52),(6020,193,0,'2016-07-03 19:34:58',NULL,52),(6021,194,0,'2016-07-03 19:34:58',NULL,52),(6022,195,0,'2016-07-03 19:34:58',NULL,52),(6023,196,0,'2016-07-03 19:34:58',NULL,52),(6024,197,0,'2016-07-03 19:34:58',NULL,52),(6025,198,0,'2016-07-03 19:34:58',NULL,52),(6026,199,0,'2016-07-03 19:34:58',NULL,52),(6027,200,0,'2016-07-03 19:34:58',NULL,52),(6028,201,0,'2016-07-03 19:34:58',NULL,52),(6029,202,0,'2016-07-03 19:34:58',NULL,52),(6030,203,0,'2016-07-03 19:34:58',NULL,52),(6031,204,0,'2016-07-03 19:34:58',NULL,52),(6032,205,0,'2016-07-03 19:34:58',NULL,52),(6033,206,0,'2016-07-03 19:34:58',NULL,52),(6034,207,0,'2016-07-03 19:34:58',NULL,52),(6035,208,0,'2016-07-03 19:34:58',NULL,52),(6036,212,0,'2016-07-03 19:34:58',NULL,52),(6037,213,0,'2016-07-03 19:34:58',NULL,52),(6038,214,0,'2016-07-03 19:34:58',NULL,52),(6039,215,0,'2016-07-03 19:34:58',NULL,52),(6040,216,0,'2016-07-03 19:34:58',NULL,52),(6041,217,0,'2016-07-03 19:34:58',NULL,52),(6042,218,0,'2016-07-03 19:34:58',NULL,52),(6043,219,0,'2016-07-03 19:34:58',NULL,52),(6044,220,0,'2016-07-03 19:34:58',NULL,52),(6045,221,0,'2016-07-03 19:34:58',NULL,52),(6046,222,0,'2016-07-03 19:34:58',NULL,52),(6047,223,0,'2016-07-03 19:34:58',NULL,52),(6048,224,0,'2016-07-03 19:34:58',NULL,52),(6049,225,0,'2016-07-03 19:34:58',NULL,52),(6050,226,0,'2016-07-03 19:34:58',NULL,52),(6051,227,0,'2016-07-03 19:34:58',NULL,52),(6052,228,0,'2016-07-03 19:34:58',NULL,52),(6053,229,0,'2016-07-03 19:34:58',NULL,52),(6054,230,0,'2016-07-03 19:34:58',NULL,52),(6055,231,0,'2016-07-03 19:34:58',NULL,52),(6056,232,0,'2016-07-03 19:34:58',NULL,52),(6057,233,0,'2016-07-03 19:34:58',NULL,52),(6058,234,0,'2016-07-03 19:34:58',NULL,52),(6059,235,0,'2016-07-03 19:34:58',NULL,52),(6060,236,0,'2016-07-03 19:34:58',NULL,52),(6061,237,0,'2016-07-03 19:34:58',NULL,52),(6062,238,0,'2016-07-03 19:34:58',NULL,52),(6063,239,0,'2016-07-03 19:34:58',NULL,52),(6064,240,0,'2016-07-03 19:34:58',NULL,52),(6065,241,0,'2016-07-03 19:34:58',NULL,52),(6066,242,0,'2016-07-03 19:34:58',NULL,52),(6067,243,0,'2016-07-03 19:34:58',NULL,52),(6068,244,0,'2016-07-03 19:34:58',NULL,52),(6069,245,0,'2016-07-03 19:34:58',NULL,52),(6070,246,0,'2016-07-03 19:34:58',NULL,52),(6071,247,0,'2016-07-03 19:34:58',NULL,52),(6072,248,0,'2016-07-03 19:34:58',NULL,52),(6073,249,0,'2016-07-03 19:34:58',NULL,52),(6074,250,0,'2016-07-03 19:34:58',NULL,52),(6075,251,0,'2016-07-03 19:34:58',NULL,52),(6076,252,0,'2016-07-03 19:34:58',NULL,52),(6077,256,0,'2016-07-03 19:34:58',NULL,52),(6078,257,0,'2016-07-03 19:34:58',NULL,52),(6079,258,0,'2016-07-03 19:34:58',NULL,52),(6080,259,0,'2016-07-03 19:34:58',NULL,52),(6081,260,0,'2016-07-03 19:34:58',NULL,52),(6082,261,0,'2016-07-03 19:34:58',NULL,52),(6083,262,0,'2016-07-03 19:34:58',NULL,52),(6084,263,0,'2016-07-03 19:34:58',NULL,52),(6085,264,0,'2016-07-03 19:34:58',NULL,52),(6086,265,0,'2016-07-03 19:34:58',NULL,52),(6087,266,0,'2016-07-03 19:34:58',NULL,52),(6088,267,0,'2016-07-03 19:34:58',NULL,52),(6089,268,0,'2016-07-03 19:34:58',NULL,52),(6090,269,0,'2016-07-03 19:34:58',NULL,52),(6091,302,0,'2016-08-02 19:59:39',NULL,53),(6092,303,0,'2016-08-02 19:59:39',NULL,53),(6093,304,0,'2016-08-02 19:59:39',NULL,53),(6094,305,0,'2016-08-02 19:59:39',NULL,53),(6095,306,0,'2016-08-02 19:59:39',NULL,53),(6096,307,0,'2016-08-02 19:59:39',NULL,53),(6097,308,0,'2016-08-02 19:59:39',NULL,53),(6098,309,0,'2016-08-02 19:59:39',NULL,53),(6099,310,0,'2016-08-02 19:59:39',NULL,53),(6100,311,0,'2016-08-02 19:59:39',NULL,53),(6101,312,0,'2016-08-02 19:59:39',NULL,53),(6102,313,0,'2016-08-02 19:59:39',NULL,53),(6103,314,0,'2016-08-02 19:59:39',NULL,53),(6104,315,0,'2016-08-02 19:59:39',NULL,53),(6105,316,0,'2016-08-02 19:59:39',NULL,53),(6106,317,0,'2016-08-02 19:59:39',NULL,53),(6107,318,0,'2016-08-02 19:59:39',NULL,53),(6108,271,0,'2016-08-02 19:59:39',NULL,53),(6109,272,0,'2016-08-02 19:59:39',NULL,53),(6110,273,0,'2016-08-02 19:59:39',NULL,53),(6111,274,0,'2016-08-02 19:59:39',NULL,53),(6112,275,0,'2016-08-02 19:59:39',NULL,53),(6113,276,0,'2016-08-02 19:59:39',NULL,53),(6114,277,0,'2016-08-02 19:59:39',NULL,53),(6115,278,0,'2016-08-02 19:59:39',NULL,53),(6116,279,0,'2016-08-02 19:59:39',NULL,53),(6117,280,0,'2016-08-02 19:59:39',NULL,53),(6118,281,0,'2016-08-02 19:59:39',NULL,53),(6119,282,0,'2016-08-02 19:59:39',NULL,53),(6120,283,0,'2016-08-02 19:59:39',NULL,53),(6121,284,0,'2016-08-02 19:59:39',NULL,53),(6122,285,0,'2016-08-02 19:59:39',NULL,53),(6123,286,1,'2016-08-02 19:59:39',NULL,53),(6124,287,0,'2016-08-02 19:59:39',NULL,53),(6125,129,0,'2016-08-02 19:59:39',NULL,53),(6126,130,0,'2016-08-02 19:59:39',NULL,53),(6127,131,0,'2016-08-02 19:59:39',NULL,53),(6128,132,0,'2016-08-02 19:59:39',NULL,53),(6129,133,0,'2016-08-02 19:59:39',NULL,53),(6130,134,0,'2016-08-02 19:59:39',NULL,53),(6131,135,0,'2016-08-02 19:59:39',NULL,53),(6132,136,0,'2016-08-02 19:59:39',NULL,53),(6133,137,0,'2016-08-02 19:59:39',NULL,53),(6134,138,0,'2016-08-02 19:59:39',NULL,53),(6135,139,0,'2016-08-02 19:59:39',NULL,53),(6136,140,0,'2016-08-02 19:59:39',NULL,53),(6137,141,0,'2016-08-02 19:59:39',NULL,53),(6138,142,0,'2016-08-02 19:59:39',NULL,53),(6139,143,0,'2016-08-02 19:59:39',NULL,53),(6140,144,0,'2016-08-02 19:59:39',NULL,53),(6141,145,0,'2016-08-02 19:59:39',NULL,53),(6142,160,0,'2016-08-02 19:59:39',NULL,53),(6143,161,0,'2016-08-02 19:59:39',NULL,53),(6144,162,0,'2016-08-02 19:59:39',NULL,53),(6145,163,0,'2016-08-02 19:59:39',NULL,53),(6146,164,0,'2016-08-02 19:59:39',NULL,53),(6147,165,0,'2016-08-02 19:59:39',NULL,53),(6148,166,0,'2016-08-02 19:59:39',NULL,53),(6149,167,0,'2016-08-02 19:59:39',NULL,53),(6150,168,0,'2016-08-02 19:59:39',NULL,53),(6151,169,0,'2016-08-02 19:59:39',NULL,53),(6152,170,0,'2016-08-02 19:59:39',NULL,53),(6153,171,0,'2016-08-02 19:59:39',NULL,53),(6154,172,0,'2016-08-02 19:59:39',NULL,53),(6155,173,0,'2016-08-02 19:59:39',NULL,53),(6156,174,0,'2016-08-02 19:59:39',NULL,53),(6157,175,0,'2016-08-02 19:59:39',NULL,53),(6158,176,0,'2016-08-02 19:59:39',NULL,53),(6159,191,0,'2016-08-02 19:59:39',NULL,53),(6160,192,0,'2016-08-02 19:59:39',NULL,53),(6161,193,0,'2016-08-02 19:59:39',NULL,53),(6162,194,0,'2016-08-02 19:59:39',NULL,53),(6163,195,0,'2016-08-02 19:59:39',NULL,53),(6164,196,0,'2016-08-02 19:59:39',NULL,53),(6165,197,0,'2016-08-02 19:59:39',NULL,53),(6166,198,0,'2016-08-02 19:59:39',NULL,53),(6167,199,0,'2016-08-02 19:59:39',NULL,53),(6168,200,0,'2016-08-02 19:59:39',NULL,53),(6169,201,0,'2016-08-02 19:59:39',NULL,53),(6170,202,0,'2016-08-02 19:59:39',NULL,53),(6171,203,0,'2016-08-02 19:59:39',NULL,53),(6172,204,0,'2016-08-02 19:59:39',NULL,53),(6173,205,0,'2016-08-02 19:59:39',NULL,53),(6174,206,0,'2016-08-02 19:59:39',NULL,53),(6175,207,0,'2016-08-02 19:59:39',NULL,53),(6176,208,0,'2016-08-02 19:59:39',NULL,53),(6177,212,0,'2016-08-02 19:59:39',NULL,53),(6178,213,0,'2016-08-02 19:59:39',NULL,53),(6179,214,0,'2016-08-02 19:59:39',NULL,53),(6180,215,0,'2016-08-02 19:59:39',NULL,53),(6181,216,0,'2016-08-02 19:59:39',NULL,53),(6182,217,0,'2016-08-02 19:59:39',NULL,53),(6183,218,0,'2016-08-02 19:59:39',NULL,53),(6184,219,0,'2016-08-02 19:59:39',NULL,53),(6185,220,0,'2016-08-02 19:59:39',NULL,53),(6186,221,0,'2016-08-02 19:59:39',NULL,53),(6187,222,0,'2016-08-02 19:59:39',NULL,53),(6188,223,0,'2016-08-02 19:59:39',NULL,53),(6189,224,0,'2016-08-02 19:59:39',NULL,53),(6190,225,0,'2016-08-02 19:59:39',NULL,53),(6191,226,0,'2016-08-02 19:59:39',NULL,53),(6192,227,0,'2016-08-02 19:59:39',NULL,53),(6193,228,0,'2016-08-02 19:59:39',NULL,53),(6194,229,0,'2016-08-02 19:59:39',NULL,53),(6195,230,0,'2016-08-02 19:59:39',NULL,53),(6196,231,0,'2016-08-02 19:59:39',NULL,53),(6197,232,0,'2016-08-02 19:59:39',NULL,53),(6198,233,0,'2016-08-02 19:59:39',NULL,53),(6199,234,0,'2016-08-02 19:59:39',NULL,53),(6200,235,0,'2016-08-02 19:59:39',NULL,53),(6201,236,0,'2016-08-02 19:59:39',NULL,53),(6202,237,0,'2016-08-02 19:59:39',NULL,53),(6203,238,0,'2016-08-02 19:59:39',NULL,53),(6204,239,0,'2016-08-02 19:59:39',NULL,53),(6205,240,0,'2016-08-02 19:59:39',NULL,53),(6206,241,0,'2016-08-02 19:59:39',NULL,53),(6207,242,0,'2016-08-02 19:59:39',NULL,53),(6208,243,0,'2016-08-02 19:59:39',NULL,53),(6209,244,0,'2016-08-02 19:59:39',NULL,53),(6210,245,0,'2016-08-02 19:59:39',NULL,53),(6211,246,0,'2016-08-02 19:59:39',NULL,53),(6212,247,0,'2016-08-02 19:59:39',NULL,53),(6213,248,0,'2016-08-02 19:59:39',NULL,53),(6214,249,0,'2016-08-02 19:59:39',NULL,53),(6215,250,0,'2016-08-02 19:59:39',NULL,53),(6216,251,0,'2016-08-02 19:59:39',NULL,53),(6217,252,0,'2016-08-02 19:59:39',NULL,53),(6218,256,0,'2016-08-02 19:59:39',NULL,53),(6219,257,0,'2016-08-02 19:59:39',NULL,53),(6220,258,0,'2016-08-02 19:59:39',NULL,53),(6221,259,0,'2016-08-02 19:59:39',NULL,53),(6222,260,0,'2016-08-02 19:59:39',NULL,53),(6223,261,0,'2016-08-02 19:59:39',NULL,53),(6224,262,0,'2016-08-02 19:59:39',NULL,53),(6225,263,0,'2016-08-02 19:59:39',NULL,53),(6226,264,0,'2016-08-02 19:59:39',NULL,53),(6227,265,0,'2016-08-02 19:59:39',NULL,53),(6228,266,0,'2016-08-02 19:59:39',NULL,53),(6229,267,0,'2016-08-02 19:59:39',NULL,53),(6230,268,0,'2016-08-02 19:59:39',NULL,53),(6231,269,0,'2016-08-02 19:59:39',NULL,53),(6997,302,0,'2016-09-03 12:26:26',NULL,57),(6998,303,0,'2016-09-03 12:26:26',NULL,57),(6999,304,0,'2016-09-03 12:26:26',NULL,57),(7000,305,0,'2016-09-03 12:26:26',NULL,57),(7001,306,0,'2016-09-03 12:26:26',NULL,57),(7002,307,0,'2016-09-03 12:26:26',NULL,57),(7003,308,0,'2016-09-03 12:26:26',NULL,57),(7004,309,0,'2016-09-03 12:26:26',NULL,57),(7005,310,0,'2016-09-03 12:26:26',NULL,57),(7006,311,0,'2016-09-03 12:26:26',NULL,57),(7007,312,0,'2016-09-03 12:26:26',NULL,57),(7008,313,0,'2016-09-03 12:26:26',NULL,57),(7009,314,0,'2016-09-03 12:26:26',NULL,57),(7010,315,0,'2016-09-03 12:26:26',NULL,57),(7011,316,0,'2016-09-03 12:26:26',NULL,57),(7012,317,0,'2016-09-03 12:26:26',NULL,57),(7013,318,0,'2016-09-03 12:26:26',NULL,57),(7014,271,0,'2016-09-03 12:26:26',NULL,57),(7015,272,0,'2016-09-03 12:26:26',NULL,57),(7016,273,0,'2016-09-03 12:26:26',NULL,57),(7017,274,0,'2016-09-03 12:26:26',NULL,57),(7018,275,0,'2016-09-03 12:26:26',NULL,57),(7019,276,0,'2016-09-03 12:26:26',NULL,57),(7020,277,0,'2016-09-03 12:26:26',NULL,57),(7021,278,0,'2016-09-03 12:26:26',NULL,57),(7022,279,0,'2016-09-03 12:26:26',NULL,57),(7023,280,0,'2016-09-03 12:26:26',NULL,57),(7024,281,0,'2016-09-03 12:26:26',NULL,57),(7025,282,0,'2016-09-03 12:26:26',NULL,57),(7026,283,0,'2016-09-03 12:26:26',NULL,57),(7027,284,0,'2016-09-03 12:26:26',NULL,57),(7028,285,0,'2016-09-03 12:26:26',NULL,57),(7029,286,0,'2016-09-03 12:26:26',NULL,57),(7030,287,0,'2016-09-03 12:26:26',NULL,57),(7031,129,0,'2016-09-03 12:26:26',NULL,57),(7032,130,0,'2016-09-03 12:26:26',NULL,57),(7033,131,0,'2016-09-03 12:26:26',NULL,57),(7034,132,0,'2016-09-03 12:26:26',NULL,57),(7035,133,0,'2016-09-03 12:26:26',NULL,57),(7036,134,0,'2016-09-03 12:26:26',NULL,57),(7037,135,0,'2016-09-03 12:26:26',NULL,57),(7038,136,0,'2016-09-03 12:26:26',NULL,57),(7039,137,0,'2016-09-03 12:26:26',NULL,57),(7040,138,0,'2016-09-03 12:26:26',NULL,57),(7041,139,0,'2016-09-03 12:26:26',NULL,57),(7042,140,0,'2016-09-03 12:26:26',NULL,57),(7043,141,0,'2016-09-03 12:26:26',NULL,57),(7044,142,0,'2016-09-03 12:26:26',NULL,57),(7045,143,0,'2016-09-03 12:26:26',NULL,57),(7046,144,0,'2016-09-03 12:26:26',NULL,57),(7047,145,0,'2016-09-03 12:26:26',NULL,57),(7048,160,0,'2016-09-03 12:26:26',NULL,57),(7049,161,0,'2016-09-03 12:26:26',NULL,57),(7050,162,0,'2016-09-03 12:26:26',NULL,57),(7051,163,0,'2016-09-03 12:26:26',NULL,57),(7052,164,0,'2016-09-03 12:26:26',NULL,57),(7053,165,0,'2016-09-03 12:26:26',NULL,57),(7054,166,0,'2016-09-03 12:26:26',NULL,57),(7055,167,0,'2016-09-03 12:26:26',NULL,57),(7056,168,0,'2016-09-03 12:26:26',NULL,57),(7057,169,0,'2016-09-03 12:26:26',NULL,57),(7058,170,0,'2016-09-03 12:26:26',NULL,57),(7059,171,0,'2016-09-03 12:26:26',NULL,57),(7060,172,0,'2016-09-03 12:26:26',NULL,57),(7061,173,0,'2016-09-03 12:26:26',NULL,57),(7062,174,0,'2016-09-03 12:26:26',NULL,57),(7063,175,0,'2016-09-03 12:26:26',NULL,57),(7064,176,0,'2016-09-03 12:26:26',NULL,57),(7065,191,0,'2016-09-03 12:26:26',NULL,57),(7066,192,0,'2016-09-03 12:26:26',NULL,57),(7067,193,0,'2016-09-03 12:26:26',NULL,57),(7068,194,0,'2016-09-03 12:26:26',NULL,57),(7069,195,0,'2016-09-03 12:26:26',NULL,57),(7070,196,0,'2016-09-03 12:26:26',NULL,57),(7071,197,0,'2016-09-03 12:26:26',NULL,57),(7072,198,0,'2016-09-03 12:26:26',NULL,57),(7073,199,0,'2016-09-03 12:26:26',NULL,57),(7074,200,0,'2016-09-03 12:26:26',NULL,57),(7075,201,0,'2016-09-03 12:26:26',NULL,57),(7076,202,0,'2016-09-03 12:26:26',NULL,57),(7077,203,0,'2016-09-03 12:26:26',NULL,57),(7078,204,0,'2016-09-03 12:26:26',NULL,57),(7079,205,0,'2016-09-03 12:26:26',NULL,57),(7080,206,0,'2016-09-03 12:26:26',NULL,57),(7081,207,0,'2016-09-03 12:26:26',NULL,57),(7082,208,0,'2016-09-03 12:26:26',NULL,57),(7083,212,0,'2016-09-03 12:26:26',NULL,57),(7084,213,0,'2016-09-03 12:26:26',NULL,57),(7085,214,0,'2016-09-03 12:26:26',NULL,57),(7086,215,0,'2016-09-03 12:26:26',NULL,57),(7087,216,0,'2016-09-03 12:26:26',NULL,57),(7088,217,0,'2016-09-03 12:26:26',NULL,57),(7089,218,0,'2016-09-03 12:26:26',NULL,57),(7090,219,0,'2016-09-03 12:26:26',NULL,57),(7091,220,0,'2016-09-03 12:26:26',NULL,57),(7092,221,0,'2016-09-03 12:26:26',NULL,57),(7093,222,0,'2016-09-03 12:26:26',NULL,57),(7094,223,0,'2016-09-03 12:26:26',NULL,57),(7095,224,0,'2016-09-03 12:26:26',NULL,57),(7096,225,0,'2016-09-03 12:26:26',NULL,57),(7097,226,0,'2016-09-03 12:26:26',NULL,57),(7098,227,0,'2016-09-03 12:26:26',NULL,57),(7099,228,0,'2016-09-03 12:26:26',NULL,57),(7100,229,0,'2016-09-03 12:26:26',NULL,57),(7101,230,0,'2016-09-03 12:26:26',NULL,57),(7102,231,0,'2016-09-03 12:26:26',NULL,57),(7103,232,0,'2016-09-03 12:26:26',NULL,57),(7104,233,0,'2016-09-03 12:26:26',NULL,57),(7105,234,0,'2016-09-03 12:26:26',NULL,57),(7106,235,0,'2016-09-03 12:26:26',NULL,57),(7107,236,0,'2016-09-03 12:26:26',NULL,57),(7108,237,0,'2016-09-03 12:26:26',NULL,57),(7109,238,0,'2016-09-03 12:26:26',NULL,57),(7110,239,0,'2016-09-03 12:26:26',NULL,57),(7111,240,0,'2016-09-03 12:26:26',NULL,57),(7112,241,0,'2016-09-03 12:26:26',NULL,57),(7113,242,0,'2016-09-03 12:26:26',NULL,57),(7114,243,0,'2016-09-03 12:26:26',NULL,57),(7115,244,0,'2016-09-03 12:26:26',NULL,57),(7116,245,0,'2016-09-03 12:26:26',NULL,57),(7117,246,0,'2016-09-03 12:26:26',NULL,57),(7118,247,0,'2016-09-03 12:26:26',NULL,57),(7119,248,0,'2016-09-03 12:26:26',NULL,57),(7120,249,0,'2016-09-03 12:26:26',NULL,57),(7121,250,0,'2016-09-03 12:26:26',NULL,57),(7122,251,0,'2016-09-03 12:26:26',NULL,57),(7123,252,0,'2016-09-03 12:26:26',NULL,57),(7124,256,0,'2016-09-03 12:26:26',NULL,57),(7125,257,0,'2016-09-03 12:26:26',NULL,57),(7126,258,0,'2016-09-03 12:26:26',NULL,57),(7127,259,0,'2016-09-03 12:26:26',NULL,57),(7128,260,0,'2016-09-03 12:26:26',NULL,57),(7129,261,0,'2016-09-03 12:26:26',NULL,57),(7130,262,0,'2016-09-03 12:26:26',NULL,57),(7131,263,0,'2016-09-03 12:26:26',NULL,57),(7132,264,0,'2016-09-03 12:26:26',NULL,57),(7133,265,0,'2016-09-03 12:26:26',NULL,57),(7134,266,0,'2016-09-03 12:26:26',NULL,57),(7135,267,0,'2016-09-03 12:26:26',NULL,57),(7136,268,0,'2016-09-03 12:26:26',NULL,57),(7137,269,0,'2016-09-03 12:26:26',NULL,57),(7252,302,0,'2016-09-03 14:20:16',NULL,58),(7253,303,0,'2016-09-03 14:20:16',NULL,58),(7254,304,0,'2016-09-03 14:20:16',NULL,58),(7255,305,0,'2016-09-03 14:20:16',NULL,58),(7256,306,0,'2016-09-03 14:20:16',NULL,58),(7257,307,0,'2016-09-03 14:20:16',NULL,58),(7258,308,0,'2016-09-03 14:20:16',NULL,58),(7259,309,0,'2016-09-03 14:20:16',NULL,58),(7260,310,0,'2016-09-03 14:20:16',NULL,58),(7261,311,0,'2016-09-03 14:20:16',NULL,58),(7262,312,0,'2016-09-03 14:20:16',NULL,58),(7263,313,0,'2016-09-03 14:20:16',NULL,58),(7264,314,0,'2016-09-03 14:20:16',NULL,58),(7265,315,0,'2016-09-03 14:20:16',NULL,58),(7266,316,0,'2016-09-03 14:20:16',NULL,58),(7267,317,0,'2016-09-03 14:20:16',NULL,58),(7268,318,0,'2016-09-03 14:20:16',NULL,58),(7269,271,0,'2016-09-03 14:20:16',NULL,58),(7270,272,0,'2016-09-03 14:20:16',NULL,58),(7271,273,0,'2016-09-03 14:20:16',NULL,58),(7272,274,0,'2016-09-03 14:20:16',NULL,58),(7273,275,0,'2016-09-03 14:20:16',NULL,58),(7274,276,0,'2016-09-03 14:20:16',NULL,58),(7275,277,0,'2016-09-03 14:20:16',NULL,58),(7276,278,0,'2016-09-03 14:20:16',NULL,58),(7277,279,0,'2016-09-03 14:20:16',NULL,58),(7278,280,0,'2016-09-03 14:20:16',NULL,58),(7279,281,0,'2016-09-03 14:20:16',NULL,58),(7280,282,0,'2016-09-03 14:20:16',NULL,58),(7281,283,0,'2016-09-03 14:20:16',NULL,58),(7282,284,0,'2016-09-03 14:20:16',NULL,58),(7283,285,0,'2016-09-03 14:20:16',NULL,58),(7284,286,0,'2016-09-03 14:20:16',NULL,58),(7285,287,0,'2016-09-03 14:20:16',NULL,58),(7286,129,0,'2016-09-03 14:20:16',NULL,58),(7287,130,0,'2016-09-03 14:20:16',NULL,58),(7288,131,0,'2016-09-03 14:20:16',NULL,58),(7289,132,0,'2016-09-03 14:20:16',NULL,58),(7290,133,0,'2016-09-03 14:20:16',NULL,58),(7291,134,0,'2016-09-03 14:20:16',NULL,58),(7292,135,0,'2016-09-03 14:20:16',NULL,58),(7293,136,0,'2016-09-03 14:20:16',NULL,58),(7294,137,0,'2016-09-03 14:20:16',NULL,58),(7295,138,0,'2016-09-03 14:20:16',NULL,58),(7296,139,0,'2016-09-03 14:20:16',NULL,58),(7297,140,0,'2016-09-03 14:20:16',NULL,58),(7298,141,0,'2016-09-03 14:20:16',NULL,58),(7299,142,0,'2016-09-03 14:20:16',NULL,58),(7300,143,0,'2016-09-03 14:20:16',NULL,58),(7301,144,0,'2016-09-03 14:20:16',NULL,58),(7302,145,0,'2016-09-03 14:20:16',NULL,58),(7303,160,0,'2016-09-03 14:20:16',NULL,58),(7304,161,0,'2016-09-03 14:20:16',NULL,58),(7305,162,0,'2016-09-03 14:20:16',NULL,58),(7306,163,0,'2016-09-03 14:20:16',NULL,58),(7307,164,0,'2016-09-03 14:20:16',NULL,58),(7308,165,0,'2016-09-03 14:20:16',NULL,58),(7309,166,0,'2016-09-03 14:20:16',NULL,58),(7310,167,0,'2016-09-03 14:20:16',NULL,58),(7311,168,0,'2016-09-03 14:20:16',NULL,58),(7312,169,0,'2016-09-03 14:20:16',NULL,58),(7313,170,0,'2016-09-03 14:20:16',NULL,58),(7314,171,0,'2016-09-03 14:20:16',NULL,58),(7315,172,0,'2016-09-03 14:20:16',NULL,58),(7316,173,0,'2016-09-03 14:20:16',NULL,58),(7317,174,0,'2016-09-03 14:20:16',NULL,58),(7318,175,0,'2016-09-03 14:20:16',NULL,58),(7319,176,0,'2016-09-03 14:20:16',NULL,58),(7320,191,0,'2016-09-03 14:20:16',NULL,58),(7321,192,0,'2016-09-03 14:20:16',NULL,58),(7322,193,0,'2016-09-03 14:20:16',NULL,58),(7323,194,0,'2016-09-03 14:20:16',NULL,58),(7324,195,0,'2016-09-03 14:20:16',NULL,58),(7325,196,0,'2016-09-03 14:20:16',NULL,58),(7326,197,0,'2016-09-03 14:20:16',NULL,58),(7327,198,0,'2016-09-03 14:20:16',NULL,58),(7328,199,0,'2016-09-03 14:20:16',NULL,58),(7329,200,0,'2016-09-03 14:20:16',NULL,58),(7330,201,0,'2016-09-03 14:20:16',NULL,58),(7331,202,0,'2016-09-03 14:20:16',NULL,58),(7332,203,0,'2016-09-03 14:20:16',NULL,58),(7333,204,0,'2016-09-03 14:20:16',NULL,58),(7334,205,0,'2016-09-03 14:20:16',NULL,58),(7335,206,0,'2016-09-03 14:20:16',NULL,58),(7336,207,0,'2016-09-03 14:20:16',NULL,58),(7337,208,0,'2016-09-03 14:20:16',NULL,58),(7338,212,0,'2016-09-03 14:20:16',NULL,58),(7339,213,0,'2016-09-03 14:20:16',NULL,58),(7340,214,0,'2016-09-03 14:20:16',NULL,58),(7341,215,0,'2016-09-03 14:20:16',NULL,58),(7342,216,0,'2016-09-03 14:20:16',NULL,58),(7343,217,0,'2016-09-03 14:20:16',NULL,58),(7344,218,0,'2016-09-03 14:20:16',NULL,58),(7345,219,0,'2016-09-03 14:20:16',NULL,58),(7346,220,0,'2016-09-03 14:20:16',NULL,58),(7347,221,0,'2016-09-03 14:20:16',NULL,58),(7348,222,0,'2016-09-03 14:20:16',NULL,58),(7349,223,0,'2016-09-03 14:20:16',NULL,58),(7350,224,0,'2016-09-03 14:20:16',NULL,58),(7351,225,0,'2016-09-03 14:20:16',NULL,58),(7352,226,0,'2016-09-03 14:20:16',NULL,58),(7353,227,0,'2016-09-03 14:20:16',NULL,58),(7354,228,0,'2016-09-03 14:20:16',NULL,58),(7355,229,0,'2016-09-03 14:20:16',NULL,58),(7356,230,0,'2016-09-03 14:20:16',NULL,58),(7357,231,0,'2016-09-03 14:20:16',NULL,58),(7358,232,0,'2016-09-03 14:20:16',NULL,58),(7359,233,0,'2016-09-03 14:20:16',NULL,58),(7360,234,0,'2016-09-03 14:20:16',NULL,58),(7361,235,0,'2016-09-03 14:20:16',NULL,58),(7362,236,0,'2016-09-03 14:20:16',NULL,58),(7363,237,0,'2016-09-03 14:20:16',NULL,58),(7364,238,0,'2016-09-03 14:20:16',NULL,58),(7365,239,0,'2016-09-03 14:20:16',NULL,58),(7366,240,0,'2016-09-03 14:20:16',NULL,58),(7367,241,0,'2016-09-03 14:20:16',NULL,58),(7368,242,0,'2016-09-03 14:20:16',NULL,58),(7369,243,0,'2016-09-03 14:20:16',NULL,58),(7370,244,0,'2016-09-03 14:20:16',NULL,58),(7371,245,0,'2016-09-03 14:20:16',NULL,58),(7372,246,0,'2016-09-03 14:20:16',NULL,58),(7373,247,0,'2016-09-03 14:20:16',NULL,58),(7374,248,0,'2016-09-03 14:20:16',NULL,58),(7375,249,0,'2016-09-03 14:20:16',NULL,58),(7376,250,0,'2016-09-03 14:20:16',NULL,58),(7377,251,0,'2016-09-03 14:20:16',NULL,58),(7378,252,0,'2016-09-03 14:20:16',NULL,58),(7379,256,0,'2016-09-03 14:20:16',NULL,58),(7380,257,0,'2016-09-03 14:20:16',NULL,58),(7381,258,0,'2016-09-03 14:20:16',NULL,58),(7382,259,0,'2016-09-03 14:20:16',NULL,58),(7383,260,0,'2016-09-03 14:20:16',NULL,58),(7384,261,0,'2016-09-03 14:20:16',NULL,58),(7385,262,0,'2016-09-03 14:20:16',NULL,58),(7386,263,0,'2016-09-03 14:20:16',NULL,58),(7387,264,0,'2016-09-03 14:20:16',NULL,58),(7388,265,0,'2016-09-03 14:20:16',NULL,58),(7389,266,0,'2016-09-03 14:20:16',NULL,58),(7390,267,0,'2016-09-03 14:20:16',NULL,58),(7391,268,0,'2016-09-03 14:20:16',NULL,58),(7392,269,0,'2016-09-03 14:20:16',NULL,58),(7393,325,0,'2016-09-04 14:14:34',NULL,NULL),(7395,327,0,'2016-09-04 16:13:56',NULL,58);
/*!40000 ALTER TABLE `TestSheetQuestion` ENABLE KEYS */;
UNLOCK TABLES;

--
-- Table structure for table `TestSheetTemplate`
--

DROP TABLE IF EXISTS `TestSheetTemplate`;
/*!40101 SET @saved_cs_client     = @@character_set_client */;
/*!40101 SET character_set_client = utf8 */;
CREATE TABLE `TestSheetTemplate` (
  `idTestSheetTemplate` int(11) NOT NULL AUTO_INCREMENT,
  `tstTitle` varchar(100) DEFAULT NULL,
  `tstType` tinyint(4) DEFAULT NULL,
  `tstDateInserted` datetime DEFAULT NULL,
  `tstDateUpdated` datetime DEFAULT NULL,
  `tstAccessable` tinyint(4) DEFAULT NULL,
  PRIMARY KEY (`idTestSheetTemplate`)
) ENGINE=InnoDB AUTO_INCREMENT=256 DEFAULT CHARSET=latin1;
/*!40101 SET character_set_client = @saved_cs_client */;

--
-- Dumping data for table `TestSheetTemplate`
--

LOCK TABLES `TestSheetTemplate` WRITE;
/*!40000 ALTER TABLE `TestSheetTemplate` DISABLE KEYS */;
INSERT INTO `TestSheetTemplate` VALUES (1,'SmartPhone',0,NULL,NULL,1),(255,'Custom',0,NULL,NULL,1);
/*!40000 ALTER TABLE `TestSheetTemplate` ENABLE KEYS */;
UNLOCK TABLES;

--
-- Table structure for table `UserCollaboration`
--

DROP TABLE IF EXISTS `UserCollaboration`;
/*!40101 SET @saved_cs_client     = @@character_set_client */;
/*!40101 SET character_set_client = utf8 */;
CREATE TABLE `UserCollaboration` (
  `idUserCollaboration` int(11) NOT NULL AUTO_INCREMENT,
  `ucIdUser` int(11) DEFAULT NULL,
  `ucIdCollaboration` int(11) DEFAULT NULL,
  `ucDateInserted` datetime DEFAULT NULL,
  `ucDateUpdated` datetime DEFAULT NULL,
  PRIMARY KEY (`idUserCollaboration`),
  KEY `FK_ucIdCollaboration_Collaboration_idCollaboration_idx` (`ucIdCollaboration`),
  KEY `FK_ucIdUser_User_IdUser_idx` (`ucIdUser`),
  CONSTRAINT `FK_ucIdCollaboration_Collaboration_idCollaboration` FOREIGN KEY (`ucIdCollaboration`) REFERENCES `Collaboration` (`idCollaboration`) ON DELETE NO ACTION ON UPDATE NO ACTION,
  CONSTRAINT `FK_ucIdUser_User_IdUser` FOREIGN KEY (`ucIdUser`) REFERENCES `user` (`idUser`) ON DELETE NO ACTION ON UPDATE NO ACTION
) ENGINE=InnoDB AUTO_INCREMENT=3 DEFAULT CHARSET=latin1;
/*!40101 SET character_set_client = @saved_cs_client */;

--
-- Dumping data for table `UserCollaboration`
--

LOCK TABLES `UserCollaboration` WRITE;
/*!40000 ALTER TABLE `UserCollaboration` DISABLE KEYS */;
INSERT INTO `UserCollaboration` VALUES (1,1,1,'2016-12-12 00:00:00',NULL),(2,2,1,'2016-12-12 00:00:00',NULL);
/*!40000 ALTER TABLE `UserCollaboration` ENABLE KEYS */;
UNLOCK TABLES;

--
-- Table structure for table `user`
--

DROP TABLE IF EXISTS `user`;
/*!40101 SET @saved_cs_client     = @@character_set_client */;
/*!40101 SET character_set_client = utf8 */;
CREATE TABLE `user` (
  `idUser` int(11) NOT NULL AUTO_INCREMENT,
  `uEmail` varchar(100) DEFAULT NULL,
  `uPassword` varchar(100) DEFAULT NULL,
  `uDateInserted` datetime DEFAULT NULL,
  `uDateUpdated` datetime DEFAULT NULL,
  `uCreatedDateTime` int(11) DEFAULT NULL,
  `uAdmin` tinyint(4) DEFAULT NULL,
  `uUpgraded` tinyint(4) DEFAULT NULL,
  `uDateUpgraded` datetime DEFAULT NULL,
  `uAllowCollaboration` tinyint(4) DEFAULT NULL,
  `uSalt` varchar(8) DEFAULT NULL,
  PRIMARY KEY (`idUser`),
  UNIQUE KEY `uEmail_UNIQUE` (`uEmail`)
) ENGINE=InnoDB AUTO_INCREMENT=3 DEFAULT CHARSET=latin1;
/*!40101 SET character_set_client = @saved_cs_client */;

--
-- Dumping data for table `user`
--

LOCK TABLES `user` WRITE;
/*!40000 ALTER TABLE `user` DISABLE KEYS */;
INSERT INTO `user` VALUES (1,'davidburgess1984@gmail.com','b7ed088190c204b31cd71484e6a1c538986b5f77',NULL,NULL,1458912535,1,NULL,NULL,1,NULL),(2,'misterDave@gmail.com','53c3dcd749f2f630286f6a3fe78aadc0cd67ffce','2016-05-21 21:58:09',NULL,1463864289,1,NULL,NULL,1,NULL);
/*!40000 ALTER TABLE `user` ENABLE KEYS */;
UNLOCK TABLES;
/*!40103 SET TIME_ZONE=@OLD_TIME_ZONE */;

/*!40101 SET SQL_MODE=@OLD_SQL_MODE */;
/*!40014 SET FOREIGN_KEY_CHECKS=@OLD_FOREIGN_KEY_CHECKS */;
/*!40014 SET UNIQUE_CHECKS=@OLD_UNIQUE_CHECKS */;
/*!40101 SET CHARACTER_SET_CLIENT=@OLD_CHARACTER_SET_CLIENT */;
/*!40101 SET CHARACTER_SET_RESULTS=@OLD_CHARACTER_SET_RESULTS */;
/*!40101 SET COLLATION_CONNECTION=@OLD_COLLATION_CONNECTION */;
/*!40111 SET SQL_NOTES=@OLD_SQL_NOTES */;

-- Dump completed on 2016-09-04 21:12:15
